id,nieuwe_image_link,productnaam,old_image_link
57263280030021,https://ernst-afk.github.io/images-channable/boxr/1.jpg,Bamboe Boxershorts Original 3+1 GRATIS,https://cdn.shopify.com/s/files/1/1015/8732/1157/files/1.jpg?v=1773085625
57263280062789,https://ernst-afk.github.io/images-channable/boxr/1.jpg,Bamboe Boxershorts Original 3+1 GRATIS,https://cdn.shopify.com/s/files/1/1015/8732/1157/files/1.jpg?v=1773085625
57263280095557,https://ernst-afk.github.io/images-channable/boxr/1.jpg,Bamboe Boxershorts Original 3+1 GRATIS,https://cdn.shopify.com/s/files/1/1015/8732/1157/files/1.jpg?v=1773085625
57263280128325,https://ernst-afk.github.io/images-channable/boxr/1.jpg,Bamboe Boxershorts Original 3+1 GRATIS,https://cdn.shopify.com/s/files/1/1015/8732/1157/files/1.jpg?v=1773085625
57263280161093,https://ernst-afk.github.io/images-channable/boxr/1.jpg,Bamboe Boxershorts Original 3+1 GRATIS,https://cdn.shopify.com/s/files/1/1015/8732/1157/files/1.jpg?v=1773085625
57263280193861,https://ernst-afk.github.io/images-channable/boxr/1.jpg,Bamboe Boxershorts Original 3+1 GRATIS,https://cdn.shopify.com/s/files/1/1015/8732/1157/files/1.jpg?v=1773085625
58302064886085,https://ernst-afk.github.io/images-channable/boxr/boxr-original-summer-3plus1-pack.jpg,Bamboe Boxershorts Original 3+1 GRATIS,https://cdn.shopify.com/s/files/1/1015/8732/1157/files/boxr-original-summer-3plus1-pack.jpg?v=1782219856
58302064918853,https://ernst-afk.github.io/images-channable/boxr/boxr-original-summer-3plus1-pack.jpg,Bamboe Boxershorts Original 3+1 GRATIS,https://cdn.shopify.com/s/files/1/1015/8732/1157/files/boxr-original-summer-3plus1-pack.jpg?v=1782219856
58302064951621,https://ernst-afk.github.io/images-channable/boxr/boxr-original-summer-3plus1-pack.jpg,Bamboe Boxershorts Original 3+1 GRATIS,https://cdn.shopify.com/s/files/1/1015/8732/1157/files/boxr-original-summer-3plus1-pack.jpg?v=1782219856
58302064984389,https://ernst-afk.github.io/images-channable/boxr/boxr-original-summer-3plus1-pack.jpg,Bamboe Boxershorts Original 3+1 GRATIS,https://cdn.shopify.com/s/files/1/1015/8732/1157/files/boxr-original-summer-3plus1-pack.jpg?v=1782219856
58302065017157,https://ernst-afk.github.io/images-channable/boxr/boxr-original-summer-3plus1-pack.jpg,Bamboe Boxershorts Original 3+1 GRATIS,https://cdn.shopify.com/s/files/1/1015/8732/1157/files/boxr-original-summer-3plus1-pack.jpg?v=1782219856
58302065049925,https://ernst-afk.github.io/images-channable/boxr/boxr-original-summer-3plus1-pack.jpg,Bamboe Boxershorts Original 3+1 GRATIS,https://cdn.shopify.com/s/files/1/1015/8732/1157/files/boxr-original-summer-3plus1-pack.jpg?v=1782219856
58302065082693,https://ernst-afk.github.io/images-channable/boxr/BOXR_3_1-Pack_Black_lifestyle.jpg,Bamboe Boxershorts Original 3+1 GRATIS,https://cdn.shopify.com/s/files/1/1015/8732/1157/files/BOXR_3_1-Pack_Black.jpg?v=1781700837
58302065115461,https://ernst-afk.github.io/images-channable/boxr/BOXR_3_1-Pack_Black_lifestyle.jpg,Bamboe Boxershorts Original 3+1 GRATIS,https://cdn.shopify.com/s/files/1/1015/8732/1157/files/BOXR_3_1-Pack_Black.jpg?v=1781700837
58302065148229,https://ernst-afk.github.io/images-channable/boxr/BOXR_3_1-Pack_Black_lifestyle.jpg,Bamboe Boxershorts Original 3+1 GRATIS,https://cdn.shopify.com/s/files/1/1015/8732/1157/files/BOXR_3_1-Pack_Black.jpg?v=1781700837
58302065180997,https://ernst-afk.github.io/images-channable/boxr/BOXR_3_1-Pack_Black_lifestyle.jpg,Bamboe Boxershorts Original 3+1 GRATIS,https://cdn.shopify.com/s/files/1/1015/8732/1157/files/BOXR_3_1-Pack_Black.jpg?v=1781700837
58302065213765,https://ernst-afk.github.io/images-channable/boxr/BOXR_3_1-Pack_Black_lifestyle.jpg,Bamboe Boxershorts Original 3+1 GRATIS,https://cdn.shopify.com/s/files/1/1015/8732/1157/files/BOXR_3_1-Pack_Black.jpg?v=1781700837
58302065246533,https://ernst-afk.github.io/images-channable/boxr/BOXR_3_1-Pack_Black_lifestyle.jpg,Bamboe Boxershorts Original 3+1 GRATIS,https://cdn.shopify.com/s/files/1/1015/8732/1157/files/BOXR_3_1-Pack_Black.jpg?v=1781700837
58302065279301,https://ernst-afk.github.io/images-channable/boxr/BOXR_3_1-Pack_Blue.jpg,Bamboe Boxershorts Original 3+1 GRATIS,https://cdn.shopify.com/s/files/1/1015/8732/1157/files/BOXR_3_1-Pack_Blue.jpg?v=1781700838
58302065312069,https://ernst-afk.github.io/images-channable/boxr/BOXR_3_1-Pack_Blue.jpg,Bamboe Boxershorts Original 3+1 GRATIS,https://cdn.shopify.com/s/files/1/1015/8732/1157/files/BOXR_3_1-Pack_Blue.jpg?v=1781700838
58302065344837,https://ernst-afk.github.io/images-channable/boxr/BOXR_3_1-Pack_Blue.jpg,Bamboe Boxershorts Original 3+1 GRATIS,https://cdn.shopify.com/s/files/1/1015/8732/1157/files/BOXR_3_1-Pack_Blue.jpg?v=1781700838
58302065377605,https://ernst-afk.github.io/images-channable/boxr/BOXR_3_1-Pack_Blue.jpg,Bamboe Boxershorts Original 3+1 GRATIS,https://cdn.shopify.com/s/files/1/1015/8732/1157/files/BOXR_3_1-Pack_Blue.jpg?v=1781700838
58302065410373,https://ernst-afk.github.io/images-channable/boxr/BOXR_3_1-Pack_Blue.jpg,Bamboe Boxershorts Original 3+1 GRATIS,https://cdn.shopify.com/s/files/1/1015/8732/1157/files/BOXR_3_1-Pack_Blue.jpg?v=1781700838
58302065443141,https://ernst-afk.github.io/images-channable/boxr/BOXR_3_1-Pack_Blue.jpg,Bamboe Boxershorts Original 3+1 GRATIS,https://cdn.shopify.com/s/files/1/1015/8732/1157/files/BOXR_3_1-Pack_Blue.jpg?v=1781700838
58302065475909,https://ernst-afk.github.io/images-channable/boxr/BOXR_3_1-Pack_White.jpg,Bamboe Boxershorts Original 3+1 GRATIS,https://cdn.shopify.com/s/files/1/1015/8732/1157/files/BOXR_3_1-Pack_White.jpg?v=1781700838
58302065508677,https://ernst-afk.github.io/images-channable/boxr/BOXR_3_1-Pack_White.jpg,Bamboe Boxershorts Original 3+1 GRATIS,https://cdn.shopify.com/s/files/1/1015/8732/1157/files/BOXR_3_1-Pack_White.jpg?v=1781700838
58302065541445,https://ernst-afk.github.io/images-channable/boxr/BOXR_3_1-Pack_White.jpg,Bamboe Boxershorts Original 3+1 GRATIS,https://cdn.shopify.com/s/files/1/1015/8732/1157/files/BOXR_3_1-Pack_White.jpg?v=1781700838
58302065574213,https://ernst-afk.github.io/images-channable/boxr/BOXR_3_1-Pack_White.jpg,Bamboe Boxershorts Original 3+1 GRATIS,https://cdn.shopify.com/s/files/1/1015/8732/1157/files/BOXR_3_1-Pack_White.jpg?v=1781700838
58302065606981,https://ernst-afk.github.io/images-channable/boxr/BOXR_3_1-Pack_White.jpg,Bamboe Boxershorts Original 3+1 GRATIS,https://cdn.shopify.com/s/files/1/1015/8732/1157/files/BOXR_3_1-Pack_White.jpg?v=1781700838
58302065639749,https://ernst-afk.github.io/images-channable/boxr/BOXR_3_1-Pack_White.jpg,Bamboe Boxershorts Original 3+1 GRATIS,https://cdn.shopify.com/s/files/1/1015/8732/1157/files/BOXR_3_1-Pack_White.jpg?v=1781700838
58410930012485,https://ernst-afk.github.io/images-channable/boxr/boxr-original-autumn-3plus1pack.jpg,Bamboe Boxershorts Original 3+1 GRATIS,https://cdn.shopify.com/s/files/1/1015/8732/1157/files/boxr-original-autumn-3plus1pack.jpg?v=1782294258
58410930045253,https://ernst-afk.github.io/images-channable/boxr/boxr-original-autumn-3plus1pack.jpg,Bamboe Boxershorts Original 3+1 GRATIS,https://cdn.shopify.com/s/files/1/1015/8732/1157/files/boxr-original-autumn-3plus1pack.jpg?v=1782294258
58410930078021,https://ernst-afk.github.io/images-channable/boxr/boxr-original-autumn-3plus1pack.jpg,Bamboe Boxershorts Original 3+1 GRATIS,https://cdn.shopify.com/s/files/1/1015/8732/1157/files/boxr-original-autumn-3plus1pack.jpg?v=1782294258
58410930110789,https://ernst-afk.github.io/images-channable/boxr/boxr-original-autumn-3plus1pack.jpg,Bamboe Boxershorts Original 3+1 GRATIS,https://cdn.shopify.com/s/files/1/1015/8732/1157/files/boxr-original-autumn-3plus1pack.jpg?v=1782294258
58410930143557,https://ernst-afk.github.io/images-channable/boxr/boxr-original-autumn-3plus1pack.jpg,Bamboe Boxershorts Original 3+1 GRATIS,https://cdn.shopify.com/s/files/1/1015/8732/1157/files/boxr-original-autumn-3plus1pack.jpg?v=1782294258
58410930176325,https://ernst-afk.github.io/images-channable/boxr/boxr-original-autumn-3plus1pack.jpg,Bamboe Boxershorts Original 3+1 GRATIS,https://cdn.shopify.com/s/files/1/1015/8732/1157/files/boxr-original-autumn-3plus1pack.jpg?v=1782294258
57310375510341,https://ernst-afk.github.io/images-channable/boxr/2.jpg,Bamboe Boxershorts Original 2+3 GRATIS,https://cdn.shopify.com/s/files/1/1015/8732/1157/files/2.jpg?v=1773085640
57310375543109,https://ernst-afk.github.io/images-channable/boxr/2.jpg,Bamboe Boxershorts Original 2+3 GRATIS,https://cdn.shopify.com/s/files/1/1015/8732/1157/files/2.jpg?v=1773085640
57310375575877,https://ernst-afk.github.io/images-channable/boxr/2.jpg,Bamboe Boxershorts Original 2+3 GRATIS,https://cdn.shopify.com/s/files/1/1015/8732/1157/files/2.jpg?v=1773085640
57310375608645,https://ernst-afk.github.io/images-channable/boxr/2.jpg,Bamboe Boxershorts Original 2+3 GRATIS,https://cdn.shopify.com/s/files/1/1015/8732/1157/files/2.jpg?v=1773085640
57310375641413,https://ernst-afk.github.io/images-channable/boxr/2.jpg,Bamboe Boxershorts Original 2+3 GRATIS,https://cdn.shopify.com/s/files/1/1015/8732/1157/files/2.jpg?v=1773085640
57310375674181,https://ernst-afk.github.io/images-channable/boxr/2.jpg,Bamboe Boxershorts Original 2+3 GRATIS,https://cdn.shopify.com/s/files/1/1015/8732/1157/files/2.jpg?v=1773085640
58300581019973,https://ernst-afk.github.io/images-channable/boxr/BOXR_2_3-Pack_Multicolor.jpg,Bamboe Boxershorts Original 2+3 GRATIS,https://cdn.shopify.com/s/files/1/1015/8732/1157/files/BOXR_2_3-Pack_Multicolor.jpg?v=1781690461
58300581052741,https://ernst-afk.github.io/images-channable/boxr/BOXR_2_3-Pack_Multicolor.jpg,Bamboe Boxershorts Original 2+3 GRATIS,https://cdn.shopify.com/s/files/1/1015/8732/1157/files/BOXR_2_3-Pack_Multicolor.jpg?v=1781690461
58300581085509,https://ernst-afk.github.io/images-channable/boxr/BOXR_2_3-Pack_Multicolor.jpg,Bamboe Boxershorts Original 2+3 GRATIS,https://cdn.shopify.com/s/files/1/1015/8732/1157/files/BOXR_2_3-Pack_Multicolor.jpg?v=1781690461
58300581118277,https://ernst-afk.github.io/images-channable/boxr/BOXR_2_3-Pack_Multicolor.jpg,Bamboe Boxershorts Original 2+3 GRATIS,https://cdn.shopify.com/s/files/1/1015/8732/1157/files/BOXR_2_3-Pack_Multicolor.jpg?v=1781690461
58300581151045,https://ernst-afk.github.io/images-channable/boxr/BOXR_2_3-Pack_Multicolor.jpg,Bamboe Boxershorts Original 2+3 GRATIS,https://cdn.shopify.com/s/files/1/1015/8732/1157/files/BOXR_2_3-Pack_Multicolor.jpg?v=1781690461
58300581183813,https://ernst-afk.github.io/images-channable/boxr/BOXR_2_3-Pack_Multicolor.jpg,Bamboe Boxershorts Original 2+3 GRATIS,https://cdn.shopify.com/s/files/1/1015/8732/1157/files/BOXR_2_3-Pack_Multicolor.jpg?v=1781690461
58300581216581,https://ernst-afk.github.io/images-channable/boxr/boxr-original-summer-2plus3-pack.jpg,Bamboe Boxershorts Original 2+3 GRATIS,https://cdn.shopify.com/s/files/1/1015/8732/1157/files/boxr-original-summer-2plus3-pack.jpg?v=1782219857
58300581249349,https://ernst-afk.github.io/images-channable/boxr/boxr-original-summer-2plus3-pack.jpg,Bamboe Boxershorts Original 2+3 GRATIS,https://cdn.shopify.com/s/files/1/1015/8732/1157/files/boxr-original-summer-2plus3-pack.jpg?v=1782219857
58300581282117,https://ernst-afk.github.io/images-channable/boxr/boxr-original-summer-2plus3-pack.jpg,Bamboe Boxershorts Original 2+3 GRATIS,https://cdn.shopify.com/s/files/1/1015/8732/1157/files/boxr-original-summer-2plus3-pack.jpg?v=1782219857
58300581314885,https://ernst-afk.github.io/images-channable/boxr/boxr-original-summer-2plus3-pack.jpg,Bamboe Boxershorts Original 2+3 GRATIS,https://cdn.shopify.com/s/files/1/1015/8732/1157/files/boxr-original-summer-2plus3-pack.jpg?v=1782219857
58300581347653,https://ernst-afk.github.io/images-channable/boxr/boxr-original-summer-2plus3-pack.jpg,Bamboe Boxershorts Original 2+3 GRATIS,https://cdn.shopify.com/s/files/1/1015/8732/1157/files/boxr-original-summer-2plus3-pack.jpg?v=1782219857
58300581380421,https://ernst-afk.github.io/images-channable/boxr/boxr-original-summer-2plus3-pack.jpg,Bamboe Boxershorts Original 2+3 GRATIS,https://cdn.shopify.com/s/files/1/1015/8732/1157/files/boxr-original-summer-2plus3-pack.jpg?v=1782219857
58300581806405,https://ernst-afk.github.io/images-channable/boxr/BOXR_2_3-Pack_White.jpg,Bamboe Boxershorts Original 2+3 GRATIS,https://cdn.shopify.com/s/files/1/1015/8732/1157/files/BOXR_2_3-Pack_White.jpg?v=1781690461
58300581839173,https://ernst-afk.github.io/images-channable/boxr/BOXR_2_3-Pack_White.jpg,Bamboe Boxershorts Original 2+3 GRATIS,https://cdn.shopify.com/s/files/1/1015/8732/1157/files/BOXR_2_3-Pack_White.jpg?v=1781690461
58300581871941,https://ernst-afk.github.io/images-channable/boxr/BOXR_2_3-Pack_White.jpg,Bamboe Boxershorts Original 2+3 GRATIS,https://cdn.shopify.com/s/files/1/1015/8732/1157/files/BOXR_2_3-Pack_White.jpg?v=1781690461
58300581904709,https://ernst-afk.github.io/images-channable/boxr/BOXR_2_3-Pack_White.jpg,Bamboe Boxershorts Original 2+3 GRATIS,https://cdn.shopify.com/s/files/1/1015/8732/1157/files/BOXR_2_3-Pack_White.jpg?v=1781690461
58300581937477,https://ernst-afk.github.io/images-channable/boxr/BOXR_2_3-Pack_White.jpg,Bamboe Boxershorts Original 2+3 GRATIS,https://cdn.shopify.com/s/files/1/1015/8732/1157/files/BOXR_2_3-Pack_White.jpg?v=1781690461
58300581970245,https://ernst-afk.github.io/images-channable/boxr/BOXR_2_3-Pack_White.jpg,Bamboe Boxershorts Original 2+3 GRATIS,https://cdn.shopify.com/s/files/1/1015/8732/1157/files/BOXR_2_3-Pack_White.jpg?v=1781690461
58409210708293,https://ernst-afk.github.io/images-channable/boxr/boxr-original-autumn-2plus3pack.jpg,Bamboe Boxershorts Original 2+3 GRATIS,https://cdn.shopify.com/s/files/1/1015/8732/1157/files/boxr-original-autumn-2plus3pack.jpg?v=1782294258
58409210741061,https://ernst-afk.github.io/images-channable/boxr/boxr-original-autumn-2plus3pack.jpg,Bamboe Boxershorts Original 2+3 GRATIS,https://cdn.shopify.com/s/files/1/1015/8732/1157/files/boxr-original-autumn-2plus3pack.jpg?v=1782294258
58409210773829,https://ernst-afk.github.io/images-channable/boxr/boxr-original-autumn-2plus3pack.jpg,Bamboe Boxershorts Original 2+3 GRATIS,https://cdn.shopify.com/s/files/1/1015/8732/1157/files/boxr-original-autumn-2plus3pack.jpg?v=1782294258
58409210806597,https://ernst-afk.github.io/images-channable/boxr/boxr-original-autumn-2plus3pack.jpg,Bamboe Boxershorts Original 2+3 GRATIS,https://cdn.shopify.com/s/files/1/1015/8732/1157/files/boxr-original-autumn-2plus3pack.jpg?v=1782294258
58409210839365,https://ernst-afk.github.io/images-channable/boxr/boxr-original-autumn-2plus3pack.jpg,Bamboe Boxershorts Original 2+3 GRATIS,https://cdn.shopify.com/s/files/1/1015/8732/1157/files/boxr-original-autumn-2plus3pack.jpg?v=1782294258
58409210872133,https://ernst-afk.github.io/images-channable/boxr/boxr-original-autumn-2plus3pack.jpg,Bamboe Boxershorts Original 2+3 GRATIS,https://cdn.shopify.com/s/files/1/1015/8732/1157/files/boxr-original-autumn-2plus3pack.jpg?v=1782294258
58412151603525,https://ernst-afk.github.io/images-channable/boxr/BOXR_2_3-Pack_Gray.jpg,Bamboe Boxershorts Original 2+3 GRATIS,https://cdn.shopify.com/s/files/1/1015/8732/1157/files/BOXR_2_3-Pack_Gray.jpg?v=1782748324
58412151636293,https://ernst-afk.github.io/images-channable/boxr/BOXR_2_3-Pack_Gray.jpg,Bamboe Boxershorts Original 2+3 GRATIS,https://cdn.shopify.com/s/files/1/1015/8732/1157/files/BOXR_2_3-Pack_Gray.jpg?v=1782748324
58412151669061,https://ernst-afk.github.io/images-channable/boxr/BOXR_2_3-Pack_Gray.jpg,Bamboe Boxershorts Original 2+3 GRATIS,https://cdn.shopify.com/s/files/1/1015/8732/1157/files/BOXR_2_3-Pack_Gray.jpg?v=1782748324
58412151701829,https://ernst-afk.github.io/images-channable/boxr/BOXR_2_3-Pack_Gray.jpg,Bamboe Boxershorts Original 2+3 GRATIS,https://cdn.shopify.com/s/files/1/1015/8732/1157/files/BOXR_2_3-Pack_Gray.jpg?v=1782748324
58412151734597,https://ernst-afk.github.io/images-channable/boxr/BOXR_2_3-Pack_Gray.jpg,Bamboe Boxershorts Original 2+3 GRATIS,https://cdn.shopify.com/s/files/1/1015/8732/1157/files/BOXR_2_3-Pack_Gray.jpg?v=1782748324
58412151767365,https://ernst-afk.github.io/images-channable/boxr/BOXR_2_3-Pack_Gray.jpg,Bamboe Boxershorts Original 2+3 GRATIS,https://cdn.shopify.com/s/files/1/1015/8732/1157/files/BOXR_2_3-Pack_Gray.jpg?v=1782748324
58412151800133,https://ernst-afk.github.io/images-channable/boxr/BOXR_2_3-Pack_Burgundy.jpg,Bamboe Boxershorts Original 2+3 GRATIS,https://cdn.shopify.com/s/files/1/1015/8732/1157/files/BOXR_2_3-Pack_Burgundy.jpg?v=1782748324
58412151832901,https://ernst-afk.github.io/images-channable/boxr/BOXR_2_3-Pack_Burgundy.jpg,Bamboe Boxershorts Original 2+3 GRATIS,https://cdn.shopify.com/s/files/1/1015/8732/1157/files/BOXR_2_3-Pack_Burgundy.jpg?v=1782748324
58412151865669,https://ernst-afk.github.io/images-channable/boxr/BOXR_2_3-Pack_Burgundy.jpg,Bamboe Boxershorts Original 2+3 GRATIS,https://cdn.shopify.com/s/files/1/1015/8732/1157/files/BOXR_2_3-Pack_Burgundy.jpg?v=1782748324
58412151898437,https://ernst-afk.github.io/images-channable/boxr/BOXR_2_3-Pack_Burgundy.jpg,Bamboe Boxershorts Original 2+3 GRATIS,https://cdn.shopify.com/s/files/1/1015/8732/1157/files/BOXR_2_3-Pack_Burgundy.jpg?v=1782748324
58412151931205,https://ernst-afk.github.io/images-channable/boxr/BOXR_2_3-Pack_Burgundy.jpg,Bamboe Boxershorts Original 2+3 GRATIS,https://cdn.shopify.com/s/files/1/1015/8732/1157/files/BOXR_2_3-Pack_Burgundy.jpg?v=1782748324
58412151963973,https://ernst-afk.github.io/images-channable/boxr/BOXR_2_3-Pack_Burgundy.jpg,Bamboe Boxershorts Original 2+3 GRATIS,https://cdn.shopify.com/s/files/1/1015/8732/1157/files/BOXR_2_3-Pack_Burgundy.jpg?v=1782748324
58412151996741,https://ernst-afk.github.io/images-channable/boxr/BOXR_2_3-Pack_Orange.jpg,Bamboe Boxershorts Original 2+3 GRATIS,https://cdn.shopify.com/s/files/1/1015/8732/1157/files/BOXR_2_3-Pack_Orange.jpg?v=1782748327
58412152029509,https://ernst-afk.github.io/images-channable/boxr/BOXR_2_3-Pack_Orange.jpg,Bamboe Boxershorts Original 2+3 GRATIS,https://cdn.shopify.com/s/files/1/1015/8732/1157/files/BOXR_2_3-Pack_Orange.jpg?v=1782748327
58412152062277,https://ernst-afk.github.io/images-channable/boxr/BOXR_2_3-Pack_Orange.jpg,Bamboe Boxershorts Original 2+3 GRATIS,https://cdn.shopify.com/s/files/1/1015/8732/1157/files/BOXR_2_3-Pack_Orange.jpg?v=1782748327
58412152095045,https://ernst-afk.github.io/images-channable/boxr/BOXR_2_3-Pack_Orange.jpg,Bamboe Boxershorts Original 2+3 GRATIS,https://cdn.shopify.com/s/files/1/1015/8732/1157/files/BOXR_2_3-Pack_Orange.jpg?v=1782748327
58412152127813,https://ernst-afk.github.io/images-channable/boxr/BOXR_2_3-Pack_Orange.jpg,Bamboe Boxershorts Original 2+3 GRATIS,https://cdn.shopify.com/s/files/1/1015/8732/1157/files/BOXR_2_3-Pack_Orange.jpg?v=1782748327
58412152160581,https://ernst-afk.github.io/images-channable/boxr/BOXR_2_3-Pack_Orange.jpg,Bamboe Boxershorts Original 2+3 GRATIS,https://cdn.shopify.com/s/files/1/1015/8732/1157/files/BOXR_2_3-Pack_Orange.jpg?v=1782748327
58412152193349,https://ernst-afk.github.io/images-channable/boxr/BOXR_2_3-Pack_SeaBlue.jpg,Bamboe Boxershorts Original 2+3 GRATIS,https://cdn.shopify.com/s/files/1/1015/8732/1157/files/BOXR_2_3-Pack_SeaBlue.jpg?v=1782748333
58412152226117,https://ernst-afk.github.io/images-channable/boxr/BOXR_2_3-Pack_SeaBlue.jpg,Bamboe Boxershorts Original 2+3 GRATIS,https://cdn.shopify.com/s/files/1/1015/8732/1157/files/BOXR_2_3-Pack_SeaBlue.jpg?v=1782748333
58412152258885,https://ernst-afk.github.io/images-channable/boxr/BOXR_2_3-Pack_SeaBlue.jpg,Bamboe Boxershorts Original 2+3 GRATIS,https://cdn.shopify.com/s/files/1/1015/8732/1157/files/BOXR_2_3-Pack_SeaBlue.jpg?v=1782748333
58412152291653,https://ernst-afk.github.io/images-channable/boxr/BOXR_2_3-Pack_SeaBlue.jpg,Bamboe Boxershorts Original 2+3 GRATIS,https://cdn.shopify.com/s/files/1/1015/8732/1157/files/BOXR_2_3-Pack_SeaBlue.jpg?v=1782748333
58412152324421,https://ernst-afk.github.io/images-channable/boxr/BOXR_2_3-Pack_SeaBlue.jpg,Bamboe Boxershorts Original 2+3 GRATIS,https://cdn.shopify.com/s/files/1/1015/8732/1157/files/BOXR_2_3-Pack_SeaBlue.jpg?v=1782748333
58412152357189,https://ernst-afk.github.io/images-channable/boxr/BOXR_2_3-Pack_SeaBlue.jpg,Bamboe Boxershorts Original 2+3 GRATIS,https://cdn.shopify.com/s/files/1/1015/8732/1157/files/BOXR_2_3-Pack_SeaBlue.jpg?v=1782748333
58412152389957,https://ernst-afk.github.io/images-channable/boxr/BOXR_2_3-Pack_Green.jpg,Bamboe Boxershorts Original 2+3 GRATIS,https://cdn.shopify.com/s/files/1/1015/8732/1157/files/BOXR_2_3-Pack_Green.jpg?v=1782748324
58412152422725,https://ernst-afk.github.io/images-channable/boxr/BOXR_2_3-Pack_Green.jpg,Bamboe Boxershorts Original 2+3 GRATIS,https://cdn.shopify.com/s/files/1/1015/8732/1157/files/BOXR_2_3-Pack_Green.jpg?v=1782748324
58412152455493,https://ernst-afk.github.io/images-channable/boxr/BOXR_2_3-Pack_Green.jpg,Bamboe Boxershorts Original 2+3 GRATIS,https://cdn.shopify.com/s/files/1/1015/8732/1157/files/BOXR_2_3-Pack_Green.jpg?v=1782748324
58412152488261,https://ernst-afk.github.io/images-channable/boxr/BOXR_2_3-Pack_Green.jpg,Bamboe Boxershorts Original 2+3 GRATIS,https://cdn.shopify.com/s/files/1/1015/8732/1157/files/BOXR_2_3-Pack_Green.jpg?v=1782748324
58412152521029,https://ernst-afk.github.io/images-channable/boxr/BOXR_2_3-Pack_Green.jpg,Bamboe Boxershorts Original 2+3 GRATIS,https://cdn.shopify.com/s/files/1/1015/8732/1157/files/BOXR_2_3-Pack_Green.jpg?v=1782748324
58412152553797,https://ernst-afk.github.io/images-channable/boxr/BOXR_2_3-Pack_Green.jpg,Bamboe Boxershorts Original 2+3 GRATIS,https://cdn.shopify.com/s/files/1/1015/8732/1157/files/BOXR_2_3-Pack_Green.jpg?v=1782748324
58412152586565,https://ernst-afk.github.io/images-channable/boxr/BOXR_2_3-Pack_MarinaBlue.jpg,Bamboe Boxershorts Original 2+3 GRATIS,https://cdn.shopify.com/s/files/1/1015/8732/1157/files/BOXR_2_3-Pack_MarinaBlue.jpg?v=1783088948
58412152619333,https://ernst-afk.github.io/images-channable/boxr/BOXR_2_3-Pack_MarinaBlue.jpg,Bamboe Boxershorts Original 2+3 GRATIS,https://cdn.shopify.com/s/files/1/1015/8732/1157/files/BOXR_2_3-Pack_MarinaBlue.jpg?v=1783088948
58412152652101,https://ernst-afk.github.io/images-channable/boxr/BOXR_2_3-Pack_MarinaBlue.jpg,Bamboe Boxershorts Original 2+3 GRATIS,https://cdn.shopify.com/s/files/1/1015/8732/1157/files/BOXR_2_3-Pack_MarinaBlue.jpg?v=1783088948
58412152684869,https://ernst-afk.github.io/images-channable/boxr/BOXR_2_3-Pack_MarinaBlue.jpg,Bamboe Boxershorts Original 2+3 GRATIS,https://cdn.shopify.com/s/files/1/1015/8732/1157/files/BOXR_2_3-Pack_MarinaBlue.jpg?v=1783088948
58412152717637,https://ernst-afk.github.io/images-channable/boxr/BOXR_2_3-Pack_MarinaBlue.jpg,Bamboe Boxershorts Original 2+3 GRATIS,https://cdn.shopify.com/s/files/1/1015/8732/1157/files/BOXR_2_3-Pack_MarinaBlue.jpg?v=1783088948
58412152750405,https://ernst-afk.github.io/images-channable/boxr/BOXR_2_3-Pack_MarinaBlue.jpg,Bamboe Boxershorts Original 2+3 GRATIS,https://cdn.shopify.com/s/files/1/1015/8732/1157/files/BOXR_2_3-Pack_MarinaBlue.jpg?v=1783088948
58412152783173,https://ernst-afk.github.io/images-channable/boxr/BOXR_2_3-Pack_Red.jpg,Bamboe Boxershorts Original 2+3 GRATIS,https://cdn.shopify.com/s/files/1/1015/8732/1157/files/BOXR_2_3-Pack_Red.jpg?v=1782748330
58412152815941,https://ernst-afk.github.io/images-channable/boxr/BOXR_2_3-Pack_Red.jpg,Bamboe Boxershorts Original 2+3 GRATIS,https://cdn.shopify.com/s/files/1/1015/8732/1157/files/BOXR_2_3-Pack_Red.jpg?v=1782748330
58412152848709,https://ernst-afk.github.io/images-channable/boxr/BOXR_2_3-Pack_Red.jpg,Bamboe Boxershorts Original 2+3 GRATIS,https://cdn.shopify.com/s/files/1/1015/8732/1157/files/BOXR_2_3-Pack_Red.jpg?v=1782748330
58412152881477,https://ernst-afk.github.io/images-channable/boxr/BOXR_2_3-Pack_Red.jpg,Bamboe Boxershorts Original 2+3 GRATIS,https://cdn.shopify.com/s/files/1/1015/8732/1157/files/BOXR_2_3-Pack_Red.jpg?v=1782748330
58412152914245,https://ernst-afk.github.io/images-channable/boxr/BOXR_2_3-Pack_Red.jpg,Bamboe Boxershorts Original 2+3 GRATIS,https://cdn.shopify.com/s/files/1/1015/8732/1157/files/BOXR_2_3-Pack_Red.jpg?v=1782748330
58412152947013,https://ernst-afk.github.io/images-channable/boxr/BOXR_2_3-Pack_Red.jpg,Bamboe Boxershorts Original 2+3 GRATIS,https://cdn.shopify.com/s/files/1/1015/8732/1157/files/BOXR_2_3-Pack_Red.jpg?v=1782748330
58428383166789,https://ernst-afk.github.io/images-channable/boxr/BOXR_2_3-Pack_Black.jpg,Bamboe Boxershorts Original 2+3 GRATIS,https://cdn.shopify.com/s/files/1/1015/8732/1157/files/BOXR_2_3-Pack_Black.jpg?v=1781690461
58428383199557,https://ernst-afk.github.io/images-channable/boxr/BOXR_2_3-Pack_Black.jpg,Bamboe Boxershorts Original 2+3 GRATIS,https://cdn.shopify.com/s/files/1/1015/8732/1157/files/BOXR_2_3-Pack_Black.jpg?v=1781690461
58428383232325,https://ernst-afk.github.io/images-channable/boxr/BOXR_2_3-Pack_Black.jpg,Bamboe Boxershorts Original 2+3 GRATIS,https://cdn.shopify.com/s/files/1/1015/8732/1157/files/BOXR_2_3-Pack_Black.jpg?v=1781690461
58428383265093,https://ernst-afk.github.io/images-channable/boxr/BOXR_2_3-Pack_Black.jpg,Bamboe Boxershorts Original 2+3 GRATIS,https://cdn.shopify.com/s/files/1/1015/8732/1157/files/BOXR_2_3-Pack_Black.jpg?v=1781690461
58428383297861,https://ernst-afk.github.io/images-channable/boxr/BOXR_2_3-Pack_Black.jpg,Bamboe Boxershorts Original 2+3 GRATIS,https://cdn.shopify.com/s/files/1/1015/8732/1157/files/BOXR_2_3-Pack_Black.jpg?v=1781690461
58428383330629,https://ernst-afk.github.io/images-channable/boxr/BOXR_2_3-Pack_Black.jpg,Bamboe Boxershorts Original 2+3 GRATIS,https://cdn.shopify.com/s/files/1/1015/8732/1157/files/BOXR_2_3-Pack_Black.jpg?v=1781690461
58428383363397,https://ernst-afk.github.io/images-channable/boxr/BOXR_2_3-Pack_Blue.jpg,Bamboe Boxershorts Original 2+3 GRATIS,https://cdn.shopify.com/s/files/1/1015/8732/1157/files/BOXR_2_3-Pack_Blue.jpg?v=1781690461
58428383396165,https://ernst-afk.github.io/images-channable/boxr/BOXR_2_3-Pack_Blue.jpg,Bamboe Boxershorts Original 2+3 GRATIS,https://cdn.shopify.com/s/files/1/1015/8732/1157/files/BOXR_2_3-Pack_Blue.jpg?v=1781690461
58428383428933,https://ernst-afk.github.io/images-channable/boxr/BOXR_2_3-Pack_Blue.jpg,Bamboe Boxershorts Original 2+3 GRATIS,https://cdn.shopify.com/s/files/1/1015/8732/1157/files/BOXR_2_3-Pack_Blue.jpg?v=1781690461
58428383461701,https://ernst-afk.github.io/images-channable/boxr/BOXR_2_3-Pack_Blue.jpg,Bamboe Boxershorts Original 2+3 GRATIS,https://cdn.shopify.com/s/files/1/1015/8732/1157/files/BOXR_2_3-Pack_Blue.jpg?v=1781690461
58428383494469,https://ernst-afk.github.io/images-channable/boxr/BOXR_2_3-Pack_Blue.jpg,Bamboe Boxershorts Original 2+3 GRATIS,https://cdn.shopify.com/s/files/1/1015/8732/1157/files/BOXR_2_3-Pack_Blue.jpg?v=1781690461
58428383527237,https://ernst-afk.github.io/images-channable/boxr/BOXR_2_3-Pack_Blue.jpg,Bamboe Boxershorts Original 2+3 GRATIS,https://cdn.shopify.com/s/files/1/1015/8732/1157/files/BOXR_2_3-Pack_Blue.jpg?v=1781690461
57312022921541,https://ernst-afk.github.io/images-channable/boxr/BOXR_5_5-Pack_Current_Gratis.jpg,Bamboe Boxershorts Original 5+5 GRATIS,https://cdn.shopify.com/s/files/1/1015/8732/1157/files/BOXR_5_5-Pack_Current_Gratis.jpg?v=1782760607
57312022954309,https://ernst-afk.github.io/images-channable/boxr/BOXR_5_5-Pack_Current_Gratis.jpg,Bamboe Boxershorts Original 5+5 GRATIS,https://cdn.shopify.com/s/files/1/1015/8732/1157/files/BOXR_5_5-Pack_Current_Gratis.jpg?v=1782760607
57312022987077,https://ernst-afk.github.io/images-channable/boxr/BOXR_5_5-Pack_Current_Gratis.jpg,Bamboe Boxershorts Original 5+5 GRATIS,https://cdn.shopify.com/s/files/1/1015/8732/1157/files/BOXR_5_5-Pack_Current_Gratis.jpg?v=1782760607
57312023019845,https://ernst-afk.github.io/images-channable/boxr/BOXR_5_5-Pack_Current_Gratis.jpg,Bamboe Boxershorts Original 5+5 GRATIS,https://cdn.shopify.com/s/files/1/1015/8732/1157/files/BOXR_5_5-Pack_Current_Gratis.jpg?v=1782760607
57312023052613,https://ernst-afk.github.io/images-channable/boxr/BOXR_5_5-Pack_Current_Gratis.jpg,Bamboe Boxershorts Original 5+5 GRATIS,https://cdn.shopify.com/s/files/1/1015/8732/1157/files/BOXR_5_5-Pack_Current_Gratis.jpg?v=1782760607
57312023085381,https://ernst-afk.github.io/images-channable/boxr/BOXR_5_5-Pack_Current_Gratis.jpg,Bamboe Boxershorts Original 5+5 GRATIS,https://cdn.shopify.com/s/files/1/1015/8732/1157/files/BOXR_5_5-Pack_Current_Gratis.jpg?v=1782760607
58301827285317,https://ernst-afk.github.io/images-channable/boxr/BOXR_5_5-Pack_Multicolor_Gratis.jpg,Bamboe Boxershorts Original 5+5 GRATIS,https://cdn.shopify.com/s/files/1/1015/8732/1157/files/BOXR_5_5-Pack_Multicolor_Gratis.jpg?v=1782760607
58301827318085,https://ernst-afk.github.io/images-channable/boxr/BOXR_5_5-Pack_Multicolor_Gratis.jpg,Bamboe Boxershorts Original 5+5 GRATIS,https://cdn.shopify.com/s/files/1/1015/8732/1157/files/BOXR_5_5-Pack_Multicolor_Gratis.jpg?v=1782760607
58301827350853,https://ernst-afk.github.io/images-channable/boxr/BOXR_5_5-Pack_Multicolor_Gratis.jpg,Bamboe Boxershorts Original 5+5 GRATIS,https://cdn.shopify.com/s/files/1/1015/8732/1157/files/BOXR_5_5-Pack_Multicolor_Gratis.jpg?v=1782760607
58301827383621,https://ernst-afk.github.io/images-channable/boxr/BOXR_5_5-Pack_Multicolor_Gratis.jpg,Bamboe Boxershorts Original 5+5 GRATIS,https://cdn.shopify.com/s/files/1/1015/8732/1157/files/BOXR_5_5-Pack_Multicolor_Gratis.jpg?v=1782760607
58301827416389,https://ernst-afk.github.io/images-channable/boxr/BOXR_5_5-Pack_Multicolor_Gratis.jpg,Bamboe Boxershorts Original 5+5 GRATIS,https://cdn.shopify.com/s/files/1/1015/8732/1157/files/BOXR_5_5-Pack_Multicolor_Gratis.jpg?v=1782760607
58301827449157,https://ernst-afk.github.io/images-channable/boxr/BOXR_5_5-Pack_Multicolor_Gratis.jpg,Bamboe Boxershorts Original 5+5 GRATIS,https://cdn.shopify.com/s/files/1/1015/8732/1157/files/BOXR_5_5-Pack_Multicolor_Gratis.jpg?v=1782760607
58301827481925,https://ernst-afk.github.io/images-channable/boxr/boxr-original-summer-5plus5-pack.jpg,Bamboe Boxershorts Original 5+5 GRATIS,https://cdn.shopify.com/s/files/1/1015/8732/1157/files/boxr-original-summer-5plus5-pack.jpg?v=1782219857
58301827514693,https://ernst-afk.github.io/images-channable/boxr/boxr-original-summer-5plus5-pack.jpg,Bamboe Boxershorts Original 5+5 GRATIS,https://cdn.shopify.com/s/files/1/1015/8732/1157/files/boxr-original-summer-5plus5-pack.jpg?v=1782219857
58301827547461,https://ernst-afk.github.io/images-channable/boxr/boxr-original-summer-5plus5-pack.jpg,Bamboe Boxershorts Original 5+5 GRATIS,https://cdn.shopify.com/s/files/1/1015/8732/1157/files/boxr-original-summer-5plus5-pack.jpg?v=1782219857
58301827580229,https://ernst-afk.github.io/images-channable/boxr/boxr-original-summer-5plus5-pack.jpg,Bamboe Boxershorts Original 5+5 GRATIS,https://cdn.shopify.com/s/files/1/1015/8732/1157/files/boxr-original-summer-5plus5-pack.jpg?v=1782219857
58301827612997,https://ernst-afk.github.io/images-channable/boxr/boxr-original-summer-5plus5-pack.jpg,Bamboe Boxershorts Original 5+5 GRATIS,https://cdn.shopify.com/s/files/1/1015/8732/1157/files/boxr-original-summer-5plus5-pack.jpg?v=1782219857
58301827645765,https://ernst-afk.github.io/images-channable/boxr/boxr-original-summer-5plus5-pack.jpg,Bamboe Boxershorts Original 5+5 GRATIS,https://cdn.shopify.com/s/files/1/1015/8732/1157/files/boxr-original-summer-5plus5-pack.jpg?v=1782219857
58301828071749,https://ernst-afk.github.io/images-channable/boxr/BOXR_5_5-Pack_White_Gratis.jpg,Bamboe Boxershorts Original 5+5 GRATIS,https://cdn.shopify.com/s/files/1/1015/8732/1157/files/BOXR_5_5-Pack_White_Gratis.jpg?v=1782760607
58301828104517,https://ernst-afk.github.io/images-channable/boxr/BOXR_5_5-Pack_White_Gratis.jpg,Bamboe Boxershorts Original 5+5 GRATIS,https://cdn.shopify.com/s/files/1/1015/8732/1157/files/BOXR_5_5-Pack_White_Gratis.jpg?v=1782760607
58301828137285,https://ernst-afk.github.io/images-channable/boxr/BOXR_5_5-Pack_White_Gratis.jpg,Bamboe Boxershorts Original 5+5 GRATIS,https://cdn.shopify.com/s/files/1/1015/8732/1157/files/BOXR_5_5-Pack_White_Gratis.jpg?v=1782760607
58301828170053,https://ernst-afk.github.io/images-channable/boxr/BOXR_5_5-Pack_White_Gratis.jpg,Bamboe Boxershorts Original 5+5 GRATIS,https://cdn.shopify.com/s/files/1/1015/8732/1157/files/BOXR_5_5-Pack_White_Gratis.jpg?v=1782760607
58301828202821,https://ernst-afk.github.io/images-channable/boxr/BOXR_5_5-Pack_White_Gratis.jpg,Bamboe Boxershorts Original 5+5 GRATIS,https://cdn.shopify.com/s/files/1/1015/8732/1157/files/BOXR_5_5-Pack_White_Gratis.jpg?v=1782760607
58301828235589,https://ernst-afk.github.io/images-channable/boxr/BOXR_5_5-Pack_White_Gratis.jpg,Bamboe Boxershorts Original 5+5 GRATIS,https://cdn.shopify.com/s/files/1/1015/8732/1157/files/BOXR_5_5-Pack_White_Gratis.jpg?v=1782760607
58409061974341,https://ernst-afk.github.io/images-channable/boxr/boxr-original-autumn-5plus5pack.jpg,Bamboe Boxershorts Original 5+5 GRATIS,https://cdn.shopify.com/s/files/1/1015/8732/1157/files/boxr-original-autumn-5plus5pack.jpg?v=1782294258
58409062007109,https://ernst-afk.github.io/images-channable/boxr/boxr-original-autumn-5plus5pack.jpg,Bamboe Boxershorts Original 5+5 GRATIS,https://cdn.shopify.com/s/files/1/1015/8732/1157/files/boxr-original-autumn-5plus5pack.jpg?v=1782294258
58409062039877,https://ernst-afk.github.io/images-channable/boxr/boxr-original-autumn-5plus5pack.jpg,Bamboe Boxershorts Original 5+5 GRATIS,https://cdn.shopify.com/s/files/1/1015/8732/1157/files/boxr-original-autumn-5plus5pack.jpg?v=1782294258
58409062072645,https://ernst-afk.github.io/images-channable/boxr/boxr-original-autumn-5plus5pack.jpg,Bamboe Boxershorts Original 5+5 GRATIS,https://cdn.shopify.com/s/files/1/1015/8732/1157/files/boxr-original-autumn-5plus5pack.jpg?v=1782294258
58409062105413,https://ernst-afk.github.io/images-channable/boxr/boxr-original-autumn-5plus5pack.jpg,Bamboe Boxershorts Original 5+5 GRATIS,https://cdn.shopify.com/s/files/1/1015/8732/1157/files/boxr-original-autumn-5plus5pack.jpg?v=1782294258
58409062138181,https://ernst-afk.github.io/images-channable/boxr/boxr-original-autumn-5plus5pack.jpg,Bamboe Boxershorts Original 5+5 GRATIS,https://cdn.shopify.com/s/files/1/1015/8732/1157/files/boxr-original-autumn-5plus5pack.jpg?v=1782294258
58412157796677,https://ernst-afk.github.io/images-channable/boxr/BOXR_5_5-Pack_Gray.jpg,Bamboe Boxershorts Original 5+5 GRATIS,https://cdn.shopify.com/s/files/1/1015/8732/1157/files/BOXR_5_5-Pack_Gray.jpg?v=1782760607
58412157829445,https://ernst-afk.github.io/images-channable/boxr/BOXR_5_5-Pack_Gray.jpg,Bamboe Boxershorts Original 5+5 GRATIS,https://cdn.shopify.com/s/files/1/1015/8732/1157/files/BOXR_5_5-Pack_Gray.jpg?v=1782760607
58412157862213,https://ernst-afk.github.io/images-channable/boxr/BOXR_5_5-Pack_Gray.jpg,Bamboe Boxershorts Original 5+5 GRATIS,https://cdn.shopify.com/s/files/1/1015/8732/1157/files/BOXR_5_5-Pack_Gray.jpg?v=1782760607
58412157894981,https://ernst-afk.github.io/images-channable/boxr/BOXR_5_5-Pack_Gray.jpg,Bamboe Boxershorts Original 5+5 GRATIS,https://cdn.shopify.com/s/files/1/1015/8732/1157/files/BOXR_5_5-Pack_Gray.jpg?v=1782760607
58412157927749,https://ernst-afk.github.io/images-channable/boxr/BOXR_5_5-Pack_Gray.jpg,Bamboe Boxershorts Original 5+5 GRATIS,https://cdn.shopify.com/s/files/1/1015/8732/1157/files/BOXR_5_5-Pack_Gray.jpg?v=1782760607
58412157960517,https://ernst-afk.github.io/images-channable/boxr/BOXR_5_5-Pack_Gray.jpg,Bamboe Boxershorts Original 5+5 GRATIS,https://cdn.shopify.com/s/files/1/1015/8732/1157/files/BOXR_5_5-Pack_Gray.jpg?v=1782760607
58412157993285,https://ernst-afk.github.io/images-channable/boxr/BOXR_5_5-Pack_Burgundy.jpg,Bamboe Boxershorts Original 5+5 GRATIS,https://cdn.shopify.com/s/files/1/1015/8732/1157/files/BOXR_5_5-Pack_Burgundy.jpg?v=1782760607
58412158026053,https://ernst-afk.github.io/images-channable/boxr/BOXR_5_5-Pack_Burgundy.jpg,Bamboe Boxershorts Original 5+5 GRATIS,https://cdn.shopify.com/s/files/1/1015/8732/1157/files/BOXR_5_5-Pack_Burgundy.jpg?v=1782760607
58412158058821,https://ernst-afk.github.io/images-channable/boxr/BOXR_5_5-Pack_Burgundy.jpg,Bamboe Boxershorts Original 5+5 GRATIS,https://cdn.shopify.com/s/files/1/1015/8732/1157/files/BOXR_5_5-Pack_Burgundy.jpg?v=1782760607
58412158091589,https://ernst-afk.github.io/images-channable/boxr/BOXR_5_5-Pack_Burgundy.jpg,Bamboe Boxershorts Original 5+5 GRATIS,https://cdn.shopify.com/s/files/1/1015/8732/1157/files/BOXR_5_5-Pack_Burgundy.jpg?v=1782760607
58412158124357,https://ernst-afk.github.io/images-channable/boxr/BOXR_5_5-Pack_Burgundy.jpg,Bamboe Boxershorts Original 5+5 GRATIS,https://cdn.shopify.com/s/files/1/1015/8732/1157/files/BOXR_5_5-Pack_Burgundy.jpg?v=1782760607
58412158157125,https://ernst-afk.github.io/images-channable/boxr/BOXR_5_5-Pack_Burgundy.jpg,Bamboe Boxershorts Original 5+5 GRATIS,https://cdn.shopify.com/s/files/1/1015/8732/1157/files/BOXR_5_5-Pack_Burgundy.jpg?v=1782760607
58412158189893,https://ernst-afk.github.io/images-channable/boxr/BOXR_5_5-Pack_Orange.jpg,Bamboe Boxershorts Original 5+5 GRATIS,https://cdn.shopify.com/s/files/1/1015/8732/1157/files/BOXR_5_5-Pack_Orange.jpg?v=1782760608
58412158222661,https://ernst-afk.github.io/images-channable/boxr/BOXR_5_5-Pack_Orange.jpg,Bamboe Boxershorts Original 5+5 GRATIS,https://cdn.shopify.com/s/files/1/1015/8732/1157/files/BOXR_5_5-Pack_Orange.jpg?v=1782760608
58412158255429,https://ernst-afk.github.io/images-channable/boxr/BOXR_5_5-Pack_Orange.jpg,Bamboe Boxershorts Original 5+5 GRATIS,https://cdn.shopify.com/s/files/1/1015/8732/1157/files/BOXR_5_5-Pack_Orange.jpg?v=1782760608
58412158288197,https://ernst-afk.github.io/images-channable/boxr/BOXR_5_5-Pack_Orange.jpg,Bamboe Boxershorts Original 5+5 GRATIS,https://cdn.shopify.com/s/files/1/1015/8732/1157/files/BOXR_5_5-Pack_Orange.jpg?v=1782760608
58412158320965,https://ernst-afk.github.io/images-channable/boxr/BOXR_5_5-Pack_Orange.jpg,Bamboe Boxershorts Original 5+5 GRATIS,https://cdn.shopify.com/s/files/1/1015/8732/1157/files/BOXR_5_5-Pack_Orange.jpg?v=1782760608
58412158353733,https://ernst-afk.github.io/images-channable/boxr/BOXR_5_5-Pack_Orange.jpg,Bamboe Boxershorts Original 5+5 GRATIS,https://cdn.shopify.com/s/files/1/1015/8732/1157/files/BOXR_5_5-Pack_Orange.jpg?v=1782760608
58412158386501,https://ernst-afk.github.io/images-channable/boxr/BOXR_5_5-Pack_SeaBlue.jpg,Bamboe Boxershorts Original 5+5 GRATIS,https://cdn.shopify.com/s/files/1/1015/8732/1157/files/BOXR_5_5-Pack_SeaBlue.jpg?v=1782760608
58412158419269,https://ernst-afk.github.io/images-channable/boxr/BOXR_5_5-Pack_SeaBlue.jpg,Bamboe Boxershorts Original 5+5 GRATIS,https://cdn.shopify.com/s/files/1/1015/8732/1157/files/BOXR_5_5-Pack_SeaBlue.jpg?v=1782760608
58412158452037,https://ernst-afk.github.io/images-channable/boxr/BOXR_5_5-Pack_SeaBlue.jpg,Bamboe Boxershorts Original 5+5 GRATIS,https://cdn.shopify.com/s/files/1/1015/8732/1157/files/BOXR_5_5-Pack_SeaBlue.jpg?v=1782760608
58412158484805,https://ernst-afk.github.io/images-channable/boxr/BOXR_5_5-Pack_SeaBlue.jpg,Bamboe Boxershorts Original 5+5 GRATIS,https://cdn.shopify.com/s/files/1/1015/8732/1157/files/BOXR_5_5-Pack_SeaBlue.jpg?v=1782760608
58412158517573,https://ernst-afk.github.io/images-channable/boxr/BOXR_5_5-Pack_SeaBlue.jpg,Bamboe Boxershorts Original 5+5 GRATIS,https://cdn.shopify.com/s/files/1/1015/8732/1157/files/BOXR_5_5-Pack_SeaBlue.jpg?v=1782760608
58412158550341,https://ernst-afk.github.io/images-channable/boxr/BOXR_5_5-Pack_SeaBlue.jpg,Bamboe Boxershorts Original 5+5 GRATIS,https://cdn.shopify.com/s/files/1/1015/8732/1157/files/BOXR_5_5-Pack_SeaBlue.jpg?v=1782760608
58412158583109,https://ernst-afk.github.io/images-channable/boxr/BOXR_5_5-Pack_Green.jpg,Bamboe Boxershorts Original 5+5 GRATIS,https://cdn.shopify.com/s/files/1/1015/8732/1157/files/BOXR_5_5-Pack_Green.jpg?v=1782760607
58412158615877,https://ernst-afk.github.io/images-channable/boxr/BOXR_5_5-Pack_Green.jpg,Bamboe Boxershorts Original 5+5 GRATIS,https://cdn.shopify.com/s/files/1/1015/8732/1157/files/BOXR_5_5-Pack_Green.jpg?v=1782760607
58412158648645,https://ernst-afk.github.io/images-channable/boxr/BOXR_5_5-Pack_Green.jpg,Bamboe Boxershorts Original 5+5 GRATIS,https://cdn.shopify.com/s/files/1/1015/8732/1157/files/BOXR_5_5-Pack_Green.jpg?v=1782760607
58412158681413,https://ernst-afk.github.io/images-channable/boxr/BOXR_5_5-Pack_Green.jpg,Bamboe Boxershorts Original 5+5 GRATIS,https://cdn.shopify.com/s/files/1/1015/8732/1157/files/BOXR_5_5-Pack_Green.jpg?v=1782760607
58412158714181,https://ernst-afk.github.io/images-channable/boxr/BOXR_5_5-Pack_Green.jpg,Bamboe Boxershorts Original 5+5 GRATIS,https://cdn.shopify.com/s/files/1/1015/8732/1157/files/BOXR_5_5-Pack_Green.jpg?v=1782760607
58412158746949,https://ernst-afk.github.io/images-channable/boxr/BOXR_5_5-Pack_Green.jpg,Bamboe Boxershorts Original 5+5 GRATIS,https://cdn.shopify.com/s/files/1/1015/8732/1157/files/BOXR_5_5-Pack_Green.jpg?v=1782760607
58412158779717,https://ernst-afk.github.io/images-channable/boxr/BOXR_5_5-Pack_MarinaBlue.jpg,Bamboe Boxershorts Original 5+5 GRATIS,https://cdn.shopify.com/s/files/1/1015/8732/1157/files/BOXR_5_5-Pack_MarinaBlue.jpg?v=1783088954
58412158812485,https://ernst-afk.github.io/images-channable/boxr/BOXR_5_5-Pack_MarinaBlue.jpg,Bamboe Boxershorts Original 5+5 GRATIS,https://cdn.shopify.com/s/files/1/1015/8732/1157/files/BOXR_5_5-Pack_MarinaBlue.jpg?v=1783088954
58412158845253,https://ernst-afk.github.io/images-channable/boxr/BOXR_5_5-Pack_MarinaBlue.jpg,Bamboe Boxershorts Original 5+5 GRATIS,https://cdn.shopify.com/s/files/1/1015/8732/1157/files/BOXR_5_5-Pack_MarinaBlue.jpg?v=1783088954
58412158878021,https://ernst-afk.github.io/images-channable/boxr/BOXR_5_5-Pack_MarinaBlue.jpg,Bamboe Boxershorts Original 5+5 GRATIS,https://cdn.shopify.com/s/files/1/1015/8732/1157/files/BOXR_5_5-Pack_MarinaBlue.jpg?v=1783088954
58412158910789,https://ernst-afk.github.io/images-channable/boxr/BOXR_5_5-Pack_MarinaBlue.jpg,Bamboe Boxershorts Original 5+5 GRATIS,https://cdn.shopify.com/s/files/1/1015/8732/1157/files/BOXR_5_5-Pack_MarinaBlue.jpg?v=1783088954
58412158943557,https://ernst-afk.github.io/images-channable/boxr/BOXR_5_5-Pack_MarinaBlue.jpg,Bamboe Boxershorts Original 5+5 GRATIS,https://cdn.shopify.com/s/files/1/1015/8732/1157/files/BOXR_5_5-Pack_MarinaBlue.jpg?v=1783088954
58412158976325,https://ernst-afk.github.io/images-channable/boxr/BOXR_5_5-Pack_Red.jpg,Bamboe Boxershorts Original 5+5 GRATIS,https://cdn.shopify.com/s/files/1/1015/8732/1157/files/BOXR_5_5-Pack_Red.jpg?v=1782760608
58412159009093,https://ernst-afk.github.io/images-channable/boxr/BOXR_5_5-Pack_Red.jpg,Bamboe Boxershorts Original 5+5 GRATIS,https://cdn.shopify.com/s/files/1/1015/8732/1157/files/BOXR_5_5-Pack_Red.jpg?v=1782760608
58412159041861,https://ernst-afk.github.io/images-channable/boxr/BOXR_5_5-Pack_Red.jpg,Bamboe Boxershorts Original 5+5 GRATIS,https://cdn.shopify.com/s/files/1/1015/8732/1157/files/BOXR_5_5-Pack_Red.jpg?v=1782760608
58412159074629,https://ernst-afk.github.io/images-channable/boxr/BOXR_5_5-Pack_Red.jpg,Bamboe Boxershorts Original 5+5 GRATIS,https://cdn.shopify.com/s/files/1/1015/8732/1157/files/BOXR_5_5-Pack_Red.jpg?v=1782760608
58412159107397,https://ernst-afk.github.io/images-channable/boxr/BOXR_5_5-Pack_Red.jpg,Bamboe Boxershorts Original 5+5 GRATIS,https://cdn.shopify.com/s/files/1/1015/8732/1157/files/BOXR_5_5-Pack_Red.jpg?v=1782760608
58412159140165,https://ernst-afk.github.io/images-channable/boxr/BOXR_5_5-Pack_Red.jpg,Bamboe Boxershorts Original 5+5 GRATIS,https://cdn.shopify.com/s/files/1/1015/8732/1157/files/BOXR_5_5-Pack_Red.jpg?v=1782760608
58428381757765,https://ernst-afk.github.io/images-channable/boxr/BOXR_5_5-Pack_Gratis_lifestyle.jpg,Bamboe Boxershorts Original 5+5 GRATIS,https://cdn.shopify.com/s/files/1/1015/8732/1157/files/BOXR_5_5-Pack_Gratis.jpg?v=1782760607
58428381790533,https://ernst-afk.github.io/images-channable/boxr/BOXR_5_5-Pack_Gratis_lifestyle.jpg,Bamboe Boxershorts Original 5+5 GRATIS,https://cdn.shopify.com/s/files/1/1015/8732/1157/files/BOXR_5_5-Pack_Gratis.jpg?v=1782760607
58428381823301,https://ernst-afk.github.io/images-channable/boxr/BOXR_5_5-Pack_Gratis_lifestyle.jpg,Bamboe Boxershorts Original 5+5 GRATIS,https://cdn.shopify.com/s/files/1/1015/8732/1157/files/BOXR_5_5-Pack_Gratis.jpg?v=1782760607
58428381856069,https://ernst-afk.github.io/images-channable/boxr/BOXR_5_5-Pack_Gratis_lifestyle.jpg,Bamboe Boxershorts Original 5+5 GRATIS,https://cdn.shopify.com/s/files/1/1015/8732/1157/files/BOXR_5_5-Pack_Gratis.jpg?v=1782760607
58428381888837,https://ernst-afk.github.io/images-channable/boxr/BOXR_5_5-Pack_Gratis_lifestyle.jpg,Bamboe Boxershorts Original 5+5 GRATIS,https://cdn.shopify.com/s/files/1/1015/8732/1157/files/BOXR_5_5-Pack_Gratis.jpg?v=1782760607
58428381921605,https://ernst-afk.github.io/images-channable/boxr/BOXR_5_5-Pack_Gratis_lifestyle.jpg,Bamboe Boxershorts Original 5+5 GRATIS,https://cdn.shopify.com/s/files/1/1015/8732/1157/files/BOXR_5_5-Pack_Gratis.jpg?v=1782760607
58428381954373,https://ernst-afk.github.io/images-channable/boxr/BOXR_5_5-Pack_Blue_Gratis.jpg,Bamboe Boxershorts Original 5+5 GRATIS,https://cdn.shopify.com/s/files/1/1015/8732/1157/files/BOXR_5_5-Pack_Blue_Gratis.jpg?v=1782760607
58428381987141,https://ernst-afk.github.io/images-channable/boxr/BOXR_5_5-Pack_Blue_Gratis.jpg,Bamboe Boxershorts Original 5+5 GRATIS,https://cdn.shopify.com/s/files/1/1015/8732/1157/files/BOXR_5_5-Pack_Blue_Gratis.jpg?v=1782760607
58428382019909,https://ernst-afk.github.io/images-channable/boxr/BOXR_5_5-Pack_Blue_Gratis.jpg,Bamboe Boxershorts Original 5+5 GRATIS,https://cdn.shopify.com/s/files/1/1015/8732/1157/files/BOXR_5_5-Pack_Blue_Gratis.jpg?v=1782760607
58428382052677,https://ernst-afk.github.io/images-channable/boxr/BOXR_5_5-Pack_Blue_Gratis.jpg,Bamboe Boxershorts Original 5+5 GRATIS,https://cdn.shopify.com/s/files/1/1015/8732/1157/files/BOXR_5_5-Pack_Blue_Gratis.jpg?v=1782760607
58428382085445,https://ernst-afk.github.io/images-channable/boxr/BOXR_5_5-Pack_Blue_Gratis.jpg,Bamboe Boxershorts Original 5+5 GRATIS,https://cdn.shopify.com/s/files/1/1015/8732/1157/files/BOXR_5_5-Pack_Blue_Gratis.jpg?v=1782760607
58428382118213,https://ernst-afk.github.io/images-channable/boxr/BOXR_5_5-Pack_Blue_Gratis.jpg,Bamboe Boxershorts Original 5+5 GRATIS,https://cdn.shopify.com/s/files/1/1015/8732/1157/files/BOXR_5_5-Pack_Blue_Gratis.jpg?v=1782760607
57364119880005,https://ernst-afk.github.io/images-channable/boxr/Black-4x_-Blue-2x_-Grey-2x_cc7ada93-cc42-4689-8181-33b0aee19453.jpg,Bamboe Boxershorts Original 6+2 GRATIS,https://cdn.shopify.com/s/files/1/1015/8732/1157/files/Black-4x_-Blue-2x_-Grey-2x_cc7ada93-cc42-4689-8181-33b0aee19453.jpg?v=1779197156
57364119912773,https://ernst-afk.github.io/images-channable/boxr/Black-4x_-Blue-2x_-Grey-2x_cc7ada93-cc42-4689-8181-33b0aee19453.jpg,Bamboe Boxershorts Original 6+2 GRATIS,https://cdn.shopify.com/s/files/1/1015/8732/1157/files/Black-4x_-Blue-2x_-Grey-2x_cc7ada93-cc42-4689-8181-33b0aee19453.jpg?v=1779197156
57364119945541,https://ernst-afk.github.io/images-channable/boxr/Black-4x_-Blue-2x_-Grey-2x_cc7ada93-cc42-4689-8181-33b0aee19453.jpg,Bamboe Boxershorts Original 6+2 GRATIS,https://cdn.shopify.com/s/files/1/1015/8732/1157/files/Black-4x_-Blue-2x_-Grey-2x_cc7ada93-cc42-4689-8181-33b0aee19453.jpg?v=1779197156
57364119978309,https://ernst-afk.github.io/images-channable/boxr/Black-4x_-Blue-2x_-Grey-2x_cc7ada93-cc42-4689-8181-33b0aee19453.jpg,Bamboe Boxershorts Original 6+2 GRATIS,https://cdn.shopify.com/s/files/1/1015/8732/1157/files/Black-4x_-Blue-2x_-Grey-2x_cc7ada93-cc42-4689-8181-33b0aee19453.jpg?v=1779197156
57364120011077,https://ernst-afk.github.io/images-channable/boxr/Black-4x_-Blue-2x_-Grey-2x_cc7ada93-cc42-4689-8181-33b0aee19453.jpg,Bamboe Boxershorts Original 6+2 GRATIS,https://cdn.shopify.com/s/files/1/1015/8732/1157/files/Black-4x_-Blue-2x_-Grey-2x_cc7ada93-cc42-4689-8181-33b0aee19453.jpg?v=1779197156
57364120043845,https://ernst-afk.github.io/images-channable/boxr/Black-4x_-Blue-2x_-Grey-2x_cc7ada93-cc42-4689-8181-33b0aee19453.jpg,Bamboe Boxershorts Original 6+2 GRATIS,https://cdn.shopify.com/s/files/1/1015/8732/1157/files/Black-4x_-Blue-2x_-Grey-2x_cc7ada93-cc42-4689-8181-33b0aee19453.jpg?v=1779197156
58302066622789,https://ernst-afk.github.io/images-channable/boxr/boxr-original-summer-6plus2-pack.jpg,Bamboe Boxershorts Original 6+2 GRATIS,https://cdn.shopify.com/s/files/1/1015/8732/1157/files/boxr-original-summer-6plus2-pack.jpg?v=1782219858
58302066655557,https://ernst-afk.github.io/images-channable/boxr/boxr-original-summer-6plus2-pack.jpg,Bamboe Boxershorts Original 6+2 GRATIS,https://cdn.shopify.com/s/files/1/1015/8732/1157/files/boxr-original-summer-6plus2-pack.jpg?v=1782219858
58302066688325,https://ernst-afk.github.io/images-channable/boxr/boxr-original-summer-6plus2-pack.jpg,Bamboe Boxershorts Original 6+2 GRATIS,https://cdn.shopify.com/s/files/1/1015/8732/1157/files/boxr-original-summer-6plus2-pack.jpg?v=1782219858
58302066721093,https://ernst-afk.github.io/images-channable/boxr/boxr-original-summer-6plus2-pack.jpg,Bamboe Boxershorts Original 6+2 GRATIS,https://cdn.shopify.com/s/files/1/1015/8732/1157/files/boxr-original-summer-6plus2-pack.jpg?v=1782219858
58302066753861,https://ernst-afk.github.io/images-channable/boxr/boxr-original-summer-6plus2-pack.jpg,Bamboe Boxershorts Original 6+2 GRATIS,https://cdn.shopify.com/s/files/1/1015/8732/1157/files/boxr-original-summer-6plus2-pack.jpg?v=1782219858
58302066786629,https://ernst-afk.github.io/images-channable/boxr/boxr-original-summer-6plus2-pack.jpg,Bamboe Boxershorts Original 6+2 GRATIS,https://cdn.shopify.com/s/files/1/1015/8732/1157/files/boxr-original-summer-6plus2-pack.jpg?v=1782219858
58302068982085,https://ernst-afk.github.io/images-channable/boxr/BOXR_6_2-Pack_Black.jpg,Bamboe Boxershorts Original 6+2 GRATIS,https://cdn.shopify.com/s/files/1/1015/8732/1157/files/BOXR_6_2-Pack_Black.jpg?v=1781700901
58302069014853,https://ernst-afk.github.io/images-channable/boxr/BOXR_6_2-Pack_Black.jpg,Bamboe Boxershorts Original 6+2 GRATIS,https://cdn.shopify.com/s/files/1/1015/8732/1157/files/BOXR_6_2-Pack_Black.jpg?v=1781700901
58302069047621,https://ernst-afk.github.io/images-channable/boxr/BOXR_6_2-Pack_Black.jpg,Bamboe Boxershorts Original 6+2 GRATIS,https://cdn.shopify.com/s/files/1/1015/8732/1157/files/BOXR_6_2-Pack_Black.jpg?v=1781700901
58302069080389,https://ernst-afk.github.io/images-channable/boxr/BOXR_6_2-Pack_Black.jpg,Bamboe Boxershorts Original 6+2 GRATIS,https://cdn.shopify.com/s/files/1/1015/8732/1157/files/BOXR_6_2-Pack_Black.jpg?v=1781700901
58302069113157,https://ernst-afk.github.io/images-channable/boxr/BOXR_6_2-Pack_Black.jpg,Bamboe Boxershorts Original 6+2 GRATIS,https://cdn.shopify.com/s/files/1/1015/8732/1157/files/BOXR_6_2-Pack_Black.jpg?v=1781700901
58302069145925,https://ernst-afk.github.io/images-channable/boxr/BOXR_6_2-Pack_Black.jpg,Bamboe Boxershorts Original 6+2 GRATIS,https://cdn.shopify.com/s/files/1/1015/8732/1157/files/BOXR_6_2-Pack_Black.jpg?v=1781700901
58302069178693,https://ernst-afk.github.io/images-channable/boxr/BOXR_6_2-Pack_Blue.jpg,Bamboe Boxershorts Original 6+2 GRATIS,https://cdn.shopify.com/s/files/1/1015/8732/1157/files/BOXR_6_2-Pack_Blue.jpg?v=1781700901
58302069211461,https://ernst-afk.github.io/images-channable/boxr/BOXR_6_2-Pack_Blue.jpg,Bamboe Boxershorts Original 6+2 GRATIS,https://cdn.shopify.com/s/files/1/1015/8732/1157/files/BOXR_6_2-Pack_Blue.jpg?v=1781700901
58302069244229,https://ernst-afk.github.io/images-channable/boxr/BOXR_6_2-Pack_Blue.jpg,Bamboe Boxershorts Original 6+2 GRATIS,https://cdn.shopify.com/s/files/1/1015/8732/1157/files/BOXR_6_2-Pack_Blue.jpg?v=1781700901
58302069276997,https://ernst-afk.github.io/images-channable/boxr/BOXR_6_2-Pack_Blue.jpg,Bamboe Boxershorts Original 6+2 GRATIS,https://cdn.shopify.com/s/files/1/1015/8732/1157/files/BOXR_6_2-Pack_Blue.jpg?v=1781700901
58302069309765,https://ernst-afk.github.io/images-channable/boxr/BOXR_6_2-Pack_Blue.jpg,Bamboe Boxershorts Original 6+2 GRATIS,https://cdn.shopify.com/s/files/1/1015/8732/1157/files/BOXR_6_2-Pack_Blue.jpg?v=1781700901
58302069342533,https://ernst-afk.github.io/images-channable/boxr/BOXR_6_2-Pack_Blue.jpg,Bamboe Boxershorts Original 6+2 GRATIS,https://cdn.shopify.com/s/files/1/1015/8732/1157/files/BOXR_6_2-Pack_Blue.jpg?v=1781700901
58302069375301,https://ernst-afk.github.io/images-channable/boxr/BOXR_6_2-Pack_White.jpg,Bamboe Boxershorts Original 6+2 GRATIS,https://cdn.shopify.com/s/files/1/1015/8732/1157/files/BOXR_6_2-Pack_White.jpg?v=1781700901
58302069408069,https://ernst-afk.github.io/images-channable/boxr/BOXR_6_2-Pack_White.jpg,Bamboe Boxershorts Original 6+2 GRATIS,https://cdn.shopify.com/s/files/1/1015/8732/1157/files/BOXR_6_2-Pack_White.jpg?v=1781700901
58302069440837,https://ernst-afk.github.io/images-channable/boxr/BOXR_6_2-Pack_White.jpg,Bamboe Boxershorts Original 6+2 GRATIS,https://cdn.shopify.com/s/files/1/1015/8732/1157/files/BOXR_6_2-Pack_White.jpg?v=1781700901
58302069473605,https://ernst-afk.github.io/images-channable/boxr/BOXR_6_2-Pack_White.jpg,Bamboe Boxershorts Original 6+2 GRATIS,https://cdn.shopify.com/s/files/1/1015/8732/1157/files/BOXR_6_2-Pack_White.jpg?v=1781700901
58302069506373,https://ernst-afk.github.io/images-channable/boxr/BOXR_6_2-Pack_White.jpg,Bamboe Boxershorts Original 6+2 GRATIS,https://cdn.shopify.com/s/files/1/1015/8732/1157/files/BOXR_6_2-Pack_White.jpg?v=1781700901
58302069539141,https://ernst-afk.github.io/images-channable/boxr/BOXR_6_2-Pack_White.jpg,Bamboe Boxershorts Original 6+2 GRATIS,https://cdn.shopify.com/s/files/1/1015/8732/1157/files/BOXR_6_2-Pack_White.jpg?v=1781700901
58411103715653,https://ernst-afk.github.io/images-channable/boxr/boxr-original-autumn-6plus2pack.jpg,Bamboe Boxershorts Original 6+2 GRATIS,https://cdn.shopify.com/s/files/1/1015/8732/1157/files/boxr-original-autumn-6plus2pack.jpg?v=1782294258
58411103748421,https://ernst-afk.github.io/images-channable/boxr/boxr-original-autumn-6plus2pack.jpg,Bamboe Boxershorts Original 6+2 GRATIS,https://cdn.shopify.com/s/files/1/1015/8732/1157/files/boxr-original-autumn-6plus2pack.jpg?v=1782294258
58411103781189,https://ernst-afk.github.io/images-channable/boxr/boxr-original-autumn-6plus2pack.jpg,Bamboe Boxershorts Original 6+2 GRATIS,https://cdn.shopify.com/s/files/1/1015/8732/1157/files/boxr-original-autumn-6plus2pack.jpg?v=1782294258
58411103813957,https://ernst-afk.github.io/images-channable/boxr/boxr-original-autumn-6plus2pack.jpg,Bamboe Boxershorts Original 6+2 GRATIS,https://cdn.shopify.com/s/files/1/1015/8732/1157/files/boxr-original-autumn-6plus2pack.jpg?v=1782294258
58411103846725,https://ernst-afk.github.io/images-channable/boxr/boxr-original-autumn-6plus2pack.jpg,Bamboe Boxershorts Original 6+2 GRATIS,https://cdn.shopify.com/s/files/1/1015/8732/1157/files/boxr-original-autumn-6plus2pack.jpg?v=1782294258
58411103879493,https://ernst-afk.github.io/images-channable/boxr/boxr-original-autumn-6plus2pack.jpg,Bamboe Boxershorts Original 6+2 GRATIS,https://cdn.shopify.com/s/files/1/1015/8732/1157/files/boxr-original-autumn-6plus2pack.jpg?v=1782294258
57364324876613,https://ernst-afk.github.io/images-channable/boxr/9_3_offer.jpg,Bamboe Boxershorts Original 9+3 GRATIS,https://cdn.shopify.com/s/files/1/1015/8732/1157/files/9_3_offer.jpg?v=1779197364
57364324909381,https://ernst-afk.github.io/images-channable/boxr/9_3_offer.jpg,Bamboe Boxershorts Original 9+3 GRATIS,https://cdn.shopify.com/s/files/1/1015/8732/1157/files/9_3_offer.jpg?v=1779197364
57364324942149,https://ernst-afk.github.io/images-channable/boxr/9_3_offer.jpg,Bamboe Boxershorts Original 9+3 GRATIS,https://cdn.shopify.com/s/files/1/1015/8732/1157/files/9_3_offer.jpg?v=1779197364
57364324974917,https://ernst-afk.github.io/images-channable/boxr/9_3_offer.jpg,Bamboe Boxershorts Original 9+3 GRATIS,https://cdn.shopify.com/s/files/1/1015/8732/1157/files/9_3_offer.jpg?v=1779197364
57364325007685,https://ernst-afk.github.io/images-channable/boxr/9_3_offer.jpg,Bamboe Boxershorts Original 9+3 GRATIS,https://cdn.shopify.com/s/files/1/1015/8732/1157/files/9_3_offer.jpg?v=1779197364
57364325040453,https://ernst-afk.github.io/images-channable/boxr/9_3_offer.jpg,Bamboe Boxershorts Original 9+3 GRATIS,https://cdn.shopify.com/s/files/1/1015/8732/1157/files/9_3_offer.jpg?v=1779197364
58302071898437,https://ernst-afk.github.io/images-channable/boxr/boxr-original-summer-9plus3-pack.jpg,Bamboe Boxershorts Original 9+3 GRATIS,https://cdn.shopify.com/s/files/1/1015/8732/1157/files/boxr-original-summer-9plus3-pack.jpg?v=1782219856
58302071931205,https://ernst-afk.github.io/images-channable/boxr/boxr-original-summer-9plus3-pack.jpg,Bamboe Boxershorts Original 9+3 GRATIS,https://cdn.shopify.com/s/files/1/1015/8732/1157/files/boxr-original-summer-9plus3-pack.jpg?v=1782219856
58302071963973,https://ernst-afk.github.io/images-channable/boxr/boxr-original-summer-9plus3-pack.jpg,Bamboe Boxershorts Original 9+3 GRATIS,https://cdn.shopify.com/s/files/1/1015/8732/1157/files/boxr-original-summer-9plus3-pack.jpg?v=1782219856
58302071996741,https://ernst-afk.github.io/images-channable/boxr/boxr-original-summer-9plus3-pack.jpg,Bamboe Boxershorts Original 9+3 GRATIS,https://cdn.shopify.com/s/files/1/1015/8732/1157/files/boxr-original-summer-9plus3-pack.jpg?v=1782219856
58302072029509,https://ernst-afk.github.io/images-channable/boxr/boxr-original-summer-9plus3-pack.jpg,Bamboe Boxershorts Original 9+3 GRATIS,https://cdn.shopify.com/s/files/1/1015/8732/1157/files/boxr-original-summer-9plus3-pack.jpg?v=1782219856
58302072062277,https://ernst-afk.github.io/images-channable/boxr/boxr-original-summer-9plus3-pack.jpg,Bamboe Boxershorts Original 9+3 GRATIS,https://cdn.shopify.com/s/files/1/1015/8732/1157/files/boxr-original-summer-9plus3-pack.jpg?v=1782219856
58302072095045,https://ernst-afk.github.io/images-channable/boxr/BOXR_9_3-Pack_Black.jpg,Bamboe Boxershorts Original 9+3 GRATIS,https://cdn.shopify.com/s/files/1/1015/8732/1157/files/BOXR_9_3-Pack_Black.jpg?v=1781701012
58302072127813,https://ernst-afk.github.io/images-channable/boxr/BOXR_9_3-Pack_Black.jpg,Bamboe Boxershorts Original 9+3 GRATIS,https://cdn.shopify.com/s/files/1/1015/8732/1157/files/BOXR_9_3-Pack_Black.jpg?v=1781701012
58302072160581,https://ernst-afk.github.io/images-channable/boxr/BOXR_9_3-Pack_Black.jpg,Bamboe Boxershorts Original 9+3 GRATIS,https://cdn.shopify.com/s/files/1/1015/8732/1157/files/BOXR_9_3-Pack_Black.jpg?v=1781701012
58302072193349,https://ernst-afk.github.io/images-channable/boxr/BOXR_9_3-Pack_Black.jpg,Bamboe Boxershorts Original 9+3 GRATIS,https://cdn.shopify.com/s/files/1/1015/8732/1157/files/BOXR_9_3-Pack_Black.jpg?v=1781701012
58302072226117,https://ernst-afk.github.io/images-channable/boxr/BOXR_9_3-Pack_Black.jpg,Bamboe Boxershorts Original 9+3 GRATIS,https://cdn.shopify.com/s/files/1/1015/8732/1157/files/BOXR_9_3-Pack_Black.jpg?v=1781701012
58302072258885,https://ernst-afk.github.io/images-channable/boxr/BOXR_9_3-Pack_Black.jpg,Bamboe Boxershorts Original 9+3 GRATIS,https://cdn.shopify.com/s/files/1/1015/8732/1157/files/BOXR_9_3-Pack_Black.jpg?v=1781701012
58302072291653,https://ernst-afk.github.io/images-channable/boxr/BOXR_9_3-Pack_Blue.jpg,Bamboe Boxershorts Original 9+3 GRATIS,https://cdn.shopify.com/s/files/1/1015/8732/1157/files/BOXR_9_3-Pack_Blue.jpg?v=1781701013
58302072324421,https://ernst-afk.github.io/images-channable/boxr/BOXR_9_3-Pack_Blue.jpg,Bamboe Boxershorts Original 9+3 GRATIS,https://cdn.shopify.com/s/files/1/1015/8732/1157/files/BOXR_9_3-Pack_Blue.jpg?v=1781701013
58302072357189,https://ernst-afk.github.io/images-channable/boxr/BOXR_9_3-Pack_Blue.jpg,Bamboe Boxershorts Original 9+3 GRATIS,https://cdn.shopify.com/s/files/1/1015/8732/1157/files/BOXR_9_3-Pack_Blue.jpg?v=1781701013
58302072389957,https://ernst-afk.github.io/images-channable/boxr/BOXR_9_3-Pack_Blue.jpg,Bamboe Boxershorts Original 9+3 GRATIS,https://cdn.shopify.com/s/files/1/1015/8732/1157/files/BOXR_9_3-Pack_Blue.jpg?v=1781701013
58302072422725,https://ernst-afk.github.io/images-channable/boxr/BOXR_9_3-Pack_Blue.jpg,Bamboe Boxershorts Original 9+3 GRATIS,https://cdn.shopify.com/s/files/1/1015/8732/1157/files/BOXR_9_3-Pack_Blue.jpg?v=1781701013
58302072455493,https://ernst-afk.github.io/images-channable/boxr/BOXR_9_3-Pack_Blue.jpg,Bamboe Boxershorts Original 9+3 GRATIS,https://cdn.shopify.com/s/files/1/1015/8732/1157/files/BOXR_9_3-Pack_Blue.jpg?v=1781701013
58302072488261,https://ernst-afk.github.io/images-channable/boxr/BOXR_9_3-Pack_White.jpg,Bamboe Boxershorts Original 9+3 GRATIS,https://cdn.shopify.com/s/files/1/1015/8732/1157/files/BOXR_9_3-Pack_White.jpg?v=1781701013
58302072521029,https://ernst-afk.github.io/images-channable/boxr/BOXR_9_3-Pack_White.jpg,Bamboe Boxershorts Original 9+3 GRATIS,https://cdn.shopify.com/s/files/1/1015/8732/1157/files/BOXR_9_3-Pack_White.jpg?v=1781701013
58302072553797,https://ernst-afk.github.io/images-channable/boxr/BOXR_9_3-Pack_White.jpg,Bamboe Boxershorts Original 9+3 GRATIS,https://cdn.shopify.com/s/files/1/1015/8732/1157/files/BOXR_9_3-Pack_White.jpg?v=1781701013
58302072586565,https://ernst-afk.github.io/images-channable/boxr/BOXR_9_3-Pack_White.jpg,Bamboe Boxershorts Original 9+3 GRATIS,https://cdn.shopify.com/s/files/1/1015/8732/1157/files/BOXR_9_3-Pack_White.jpg?v=1781701013
58302072619333,https://ernst-afk.github.io/images-channable/boxr/BOXR_9_3-Pack_White.jpg,Bamboe Boxershorts Original 9+3 GRATIS,https://cdn.shopify.com/s/files/1/1015/8732/1157/files/BOXR_9_3-Pack_White.jpg?v=1781701013
58302072652101,https://ernst-afk.github.io/images-channable/boxr/BOXR_9_3-Pack_White.jpg,Bamboe Boxershorts Original 9+3 GRATIS,https://cdn.shopify.com/s/files/1/1015/8732/1157/files/BOXR_9_3-Pack_White.jpg?v=1781701013
58411150967109,https://ernst-afk.github.io/images-channable/boxr/boxr-original-autumn-9plus3pack.jpg,Bamboe Boxershorts Original 9+3 GRATIS,https://cdn.shopify.com/s/files/1/1015/8732/1157/files/boxr-original-autumn-9plus3pack.jpg?v=1782294259
58411150999877,https://ernst-afk.github.io/images-channable/boxr/boxr-original-autumn-9plus3pack.jpg,Bamboe Boxershorts Original 9+3 GRATIS,https://cdn.shopify.com/s/files/1/1015/8732/1157/files/boxr-original-autumn-9plus3pack.jpg?v=1782294259
58411151032645,https://ernst-afk.github.io/images-channable/boxr/boxr-original-autumn-9plus3pack.jpg,Bamboe Boxershorts Original 9+3 GRATIS,https://cdn.shopify.com/s/files/1/1015/8732/1157/files/boxr-original-autumn-9plus3pack.jpg?v=1782294259
58411151065413,https://ernst-afk.github.io/images-channable/boxr/boxr-original-autumn-9plus3pack.jpg,Bamboe Boxershorts Original 9+3 GRATIS,https://cdn.shopify.com/s/files/1/1015/8732/1157/files/boxr-original-autumn-9plus3pack.jpg?v=1782294259
58411151098181,https://ernst-afk.github.io/images-channable/boxr/boxr-original-autumn-9plus3pack.jpg,Bamboe Boxershorts Original 9+3 GRATIS,https://cdn.shopify.com/s/files/1/1015/8732/1157/files/boxr-original-autumn-9plus3pack.jpg?v=1782294259
58411151130949,https://ernst-afk.github.io/images-channable/boxr/boxr-original-autumn-9plus3pack.jpg,Bamboe Boxershorts Original 9+3 GRATIS,https://cdn.shopify.com/s/files/1/1015/8732/1157/files/boxr-original-autumn-9plus3pack.jpg?v=1782294259
