image_link,nieuwe_image_link
https://cdn.shopify.com/s/files/1/1015/8732/1157/files/1.jpg?v=1773085625,https://ernst-afk.github.io/images-channable/boxr/1.jpg
https://cdn.shopify.com/s/files/1/1015/8732/1157/files/2.jpg?v=1773085640,https://ernst-afk.github.io/images-channable/boxr/2.jpg
https://cdn.shopify.com/s/files/1/1015/8732/1157/files/9_3_offer.jpg?v=1779197364,https://ernst-afk.github.io/images-channable/boxr/9_3_offer.jpg
https://cdn.shopify.com/s/files/1/1015/8732/1157/files/BOXR_2_3-Pack_Black.jpg?v=1781690461,https://ernst-afk.github.io/images-channable/boxr/BOXR_2_3-Pack_Black.jpg
https://cdn.shopify.com/s/files/1/1015/8732/1157/files/BOXR_2_3-Pack_Blue.jpg?v=1781690461,https://ernst-afk.github.io/images-channable/boxr/BOXR_2_3-Pack_Blue.jpg
https://cdn.shopify.com/s/files/1/1015/8732/1157/files/BOXR_2_3-Pack_Burgundy.jpg?v=1782748324,https://ernst-afk.github.io/images-channable/boxr/BOXR_2_3-Pack_Burgundy.jpg
https://cdn.shopify.com/s/files/1/1015/8732/1157/files/BOXR_2_3-Pack_Gray.jpg?v=1782748324,https://ernst-afk.github.io/images-channable/boxr/BOXR_2_3-Pack_Gray.jpg
https://cdn.shopify.com/s/files/1/1015/8732/1157/files/BOXR_2_3-Pack_Green.jpg?v=1782748324,https://ernst-afk.github.io/images-channable/boxr/BOXR_2_3-Pack_Green.jpg
https://cdn.shopify.com/s/files/1/1015/8732/1157/files/BOXR_2_3-Pack_MarinaBlue.jpg?v=1783088948,https://ernst-afk.github.io/images-channable/boxr/BOXR_2_3-Pack_MarinaBlue.jpg
https://cdn.shopify.com/s/files/1/1015/8732/1157/files/BOXR_2_3-Pack_Multicolor.jpg?v=1781690461,https://ernst-afk.github.io/images-channable/boxr/BOXR_2_3-Pack_Multicolor.jpg
https://cdn.shopify.com/s/files/1/1015/8732/1157/files/BOXR_2_3-Pack_Orange.jpg?v=1782748327,https://ernst-afk.github.io/images-channable/boxr/BOXR_2_3-Pack_Orange.jpg
https://cdn.shopify.com/s/files/1/1015/8732/1157/files/BOXR_2_3-Pack_Red.jpg?v=1782748330,https://ernst-afk.github.io/images-channable/boxr/BOXR_2_3-Pack_Red.jpg
https://cdn.shopify.com/s/files/1/1015/8732/1157/files/BOXR_2_3-Pack_SeaBlue.jpg?v=1782748333,https://ernst-afk.github.io/images-channable/boxr/BOXR_2_3-Pack_SeaBlue.jpg
https://cdn.shopify.com/s/files/1/1015/8732/1157/files/BOXR_2_3-Pack_White.jpg?v=1781690461,https://ernst-afk.github.io/images-channable/boxr/BOXR_2_3-Pack_White.jpg
https://cdn.shopify.com/s/files/1/1015/8732/1157/files/BOXR_3_1-Pack_Black.jpg?v=1781700837,https://ernst-afk.github.io/images-channable/boxr/BOXR_3_1-Pack_Black.jpg
https://cdn.shopify.com/s/files/1/1015/8732/1157/files/BOXR_3_1-Pack_Blue.jpg?v=1781700838,https://ernst-afk.github.io/images-channable/boxr/BOXR_3_1-Pack_Blue.jpg
https://cdn.shopify.com/s/files/1/1015/8732/1157/files/BOXR_3_1-Pack_White.jpg?v=1781700838,https://ernst-afk.github.io/images-channable/boxr/BOXR_3_1-Pack_White.jpg
https://cdn.shopify.com/s/files/1/1015/8732/1157/files/BOXR_5_5-Pack_Blue_Gratis.jpg?v=1782760607,https://ernst-afk.github.io/images-channable/boxr/BOXR_5_5-Pack_Blue_Gratis.jpg
https://cdn.shopify.com/s/files/1/1015/8732/1157/files/BOXR_5_5-Pack_Burgundy.jpg?v=1782760607,https://ernst-afk.github.io/images-channable/boxr/BOXR_5_5-Pack_Burgundy.jpg
https://cdn.shopify.com/s/files/1/1015/8732/1157/files/BOXR_5_5-Pack_Current_Gratis.jpg?v=1782760607,https://ernst-afk.github.io/images-channable/boxr/BOXR_5_5-Pack_Current_Gratis.jpg
https://cdn.shopify.com/s/files/1/1015/8732/1157/files/BOXR_5_5-Pack_Gratis.jpg?v=1782760607,https://ernst-afk.github.io/images-channable/boxr/BOXR_5_5-Pack_Gratis.jpg
https://cdn.shopify.com/s/files/1/1015/8732/1157/files/BOXR_5_5-Pack_Gray.jpg?v=1782760607,https://ernst-afk.github.io/images-channable/boxr/BOXR_5_5-Pack_Gray.jpg
https://cdn.shopify.com/s/files/1/1015/8732/1157/files/BOXR_5_5-Pack_Green.jpg?v=1782760607,https://ernst-afk.github.io/images-channable/boxr/BOXR_5_5-Pack_Green.jpg
https://cdn.shopify.com/s/files/1/1015/8732/1157/files/BOXR_5_5-Pack_MarinaBlue.jpg?v=1783088954,https://ernst-afk.github.io/images-channable/boxr/BOXR_5_5-Pack_MarinaBlue.jpg
https://cdn.shopify.com/s/files/1/1015/8732/1157/files/BOXR_5_5-Pack_Multicolor_Gratis.jpg?v=1782760607,https://ernst-afk.github.io/images-channable/boxr/BOXR_5_5-Pack_Multicolor_Gratis.jpg
https://cdn.shopify.com/s/files/1/1015/8732/1157/files/BOXR_5_5-Pack_Orange.jpg?v=1782760608,https://ernst-afk.github.io/images-channable/boxr/BOXR_5_5-Pack_Orange.jpg
https://cdn.shopify.com/s/files/1/1015/8732/1157/files/BOXR_5_5-Pack_Red.jpg?v=1782760608,https://ernst-afk.github.io/images-channable/boxr/BOXR_5_5-Pack_Red.jpg
https://cdn.shopify.com/s/files/1/1015/8732/1157/files/BOXR_5_5-Pack_SeaBlue.jpg?v=1782760608,https://ernst-afk.github.io/images-channable/boxr/BOXR_5_5-Pack_SeaBlue.jpg
https://cdn.shopify.com/s/files/1/1015/8732/1157/files/BOXR_5_5-Pack_White_Gratis.jpg?v=1782760607,https://ernst-afk.github.io/images-channable/boxr/BOXR_5_5-Pack_White_Gratis.jpg
https://cdn.shopify.com/s/files/1/1015/8732/1157/files/BOXR_6_2-Pack_Black.jpg?v=1781700901,https://ernst-afk.github.io/images-channable/boxr/BOXR_6_2-Pack_Black.jpg
https://cdn.shopify.com/s/files/1/1015/8732/1157/files/BOXR_6_2-Pack_Blue.jpg?v=1781700901,https://ernst-afk.github.io/images-channable/boxr/BOXR_6_2-Pack_Blue.jpg
https://cdn.shopify.com/s/files/1/1015/8732/1157/files/BOXR_6_2-Pack_White.jpg?v=1781700901,https://ernst-afk.github.io/images-channable/boxr/BOXR_6_2-Pack_White.jpg
https://cdn.shopify.com/s/files/1/1015/8732/1157/files/BOXR_9_3-Pack_Black.jpg?v=1781701012,https://ernst-afk.github.io/images-channable/boxr/BOXR_9_3-Pack_Black.jpg
https://cdn.shopify.com/s/files/1/1015/8732/1157/files/BOXR_9_3-Pack_Blue.jpg?v=1781701013,https://ernst-afk.github.io/images-channable/boxr/BOXR_9_3-Pack_Blue.jpg
https://cdn.shopify.com/s/files/1/1015/8732/1157/files/BOXR_9_3-Pack_White.jpg?v=1781701013,https://ernst-afk.github.io/images-channable/boxr/BOXR_9_3-Pack_White.jpg
https://cdn.shopify.com/s/files/1/1015/8732/1157/files/Black-4x_-Blue-2x_-Grey-2x_cc7ada93-cc42-4689-8181-33b0aee19453.jpg?v=1779197156,https://ernst-afk.github.io/images-channable/boxr/Black-4x_-Blue-2x_-Grey-2x_cc7ada93-cc42-4689-8181-33b0aee19453.jpg
https://cdn.shopify.com/s/files/1/1015/8732/1157/files/boxr-original-autumn-2plus3pack.jpg?v=1782294258,https://ernst-afk.github.io/images-channable/boxr/boxr-original-autumn-2plus3pack.jpg
https://cdn.shopify.com/s/files/1/1015/8732/1157/files/boxr-original-autumn-3plus1pack.jpg?v=1782294258,https://ernst-afk.github.io/images-channable/boxr/boxr-original-autumn-3plus1pack.jpg
https://cdn.shopify.com/s/files/1/1015/8732/1157/files/boxr-original-autumn-5plus5pack.jpg?v=1782294258,https://ernst-afk.github.io/images-channable/boxr/boxr-original-autumn-5plus5pack.jpg
https://cdn.shopify.com/s/files/1/1015/8732/1157/files/boxr-original-autumn-6plus2pack.jpg?v=1782294258,https://ernst-afk.github.io/images-channable/boxr/boxr-original-autumn-6plus2pack.jpg
https://cdn.shopify.com/s/files/1/1015/8732/1157/files/boxr-original-autumn-9plus3pack.jpg?v=1782294259,https://ernst-afk.github.io/images-channable/boxr/boxr-original-autumn-9plus3pack.jpg
https://cdn.shopify.com/s/files/1/1015/8732/1157/files/boxr-original-summer-2plus3-pack.jpg?v=1782219857,https://ernst-afk.github.io/images-channable/boxr/boxr-original-summer-2plus3-pack.jpg
https://cdn.shopify.com/s/files/1/1015/8732/1157/files/boxr-original-summer-3plus1-pack.jpg?v=1782219856,https://ernst-afk.github.io/images-channable/boxr/boxr-original-summer-3plus1-pack.jpg
https://cdn.shopify.com/s/files/1/1015/8732/1157/files/boxr-original-summer-5plus5-pack.jpg?v=1782219857,https://ernst-afk.github.io/images-channable/boxr/boxr-original-summer-5plus5-pack.jpg
https://cdn.shopify.com/s/files/1/1015/8732/1157/files/boxr-original-summer-6plus2-pack.jpg?v=1782219858,https://ernst-afk.github.io/images-channable/boxr/boxr-original-summer-6plus2-pack.jpg
https://cdn.shopify.com/s/files/1/1015/8732/1157/files/boxr-original-summer-9plus3-pack.jpg?v=1782219856,https://ernst-afk.github.io/images-channable/boxr/boxr-original-summer-9plus3-pack.jpg
