id,lifestyle_image_url,productnaam,packshot_url
0f72929eeb6d47988702e5d4d8dadd70,https://ernst-afk.github.io/images-channable/pennenboer/0f72929eeb6d47988702e5d4d8dadd70.png,Miniature - potlood,https://static.goedkooppennenbedrukken.nl/media/13/03/08/1704284290/A81-A81-AP761943-15caaa98cee7a8d203744d76844554b77b1bbccc5e3590b9ea473c7a5bb8dddb.png.png?ts=1704284290
0d9a0239d0b441c892836ab9c4daccce,https://ernst-afk.github.io/images-channable/pennenboer/0d9a0239d0b441c892836ab9c4daccce.png,Topflask 790 ml single wall drinkfles,https://static.goedkooppennenbedrukken.nl/media/a9/2f/ec/1704230470/A24-A24-1367-85f5f715c35b1c739285bcbdbb7a365db2b2efb9a79628278ba04329ba027d06.jpg.jpg?ts=1704230470
035be760655f45a893ac69b2697a6d5e,https://ernst-afk.github.io/images-channable/pennenboer/035be760655f45a893ac69b2697a6d5e.png,Platte Elektronische aansteker TL,https://static.goedkooppennenbedrukken.nl/media/12/g0/a8/1704262386/A130-A130-420439-30bbf2887d07300657481b7b5a145feaf281bbe6b4782e1353dca1418e17b80f.png.png?ts=1704262386
1126929e4d8f41318b468b12ca962874,https://ernst-afk.github.io/images-channable/pennenboer/1126929e4d8f41318b468b12ca962874.png,Balpen Alicante rubberised,https://static.goedkooppennenbedrukken.nl/media/12/b1/96/1772802932/A53-LT80537-N1202-1.jpg?ts=1772802932
052577b2e6f942c29cdf290385f163df,https://ernst-afk.github.io/images-channable/pennenboer/052577b2e6f942c29cdf290385f163df.png,Melart - potlood,https://static.goedkooppennenbedrukken.nl/media/07/d7/3a/1704286252/A81-A81-AP781755-e628d6da0603be64fcc884a30765fb5cb88820617d15576be92323d1f41da9f2.png.png?ts=1704286252
12cbdcfa49344cdf9403f413b03eb0ab,https://ernst-afk.github.io/images-channable/pennenboer/12cbdcfa49344cdf9403f413b03eb0ab.png,Nash balpen met zilveren houder en gekleurde grip,https://static.goedkooppennenbedrukken.nl/media/c3/e5/83/1704252959/A34-A34-107077-e34c1cd3570aa18dbaf981b58263fc19aa933f556d5232551fbde0aa451561c2.jpg.jpg?ts=1704252959
0b7d9edb3f40454fb593e3fb95cd6280,https://ernst-afk.github.io/images-channable/pennenboer/0b7d9edb3f40454fb593e3fb95cd6280.png,Katoenen draagtas - 125gr. - 39 x 41cm,https://static.goedkooppennenbedrukken.nl/media/ce/a2/c8/1704187269/A130-A130-201020-488d7e9bddf9403b4cfd46e8c70adc48197abc656ed1f298e14cffa09e3d04d3.png.png?ts=1704187269
0228ca41e2f547c09d3c52778fb89c88,https://ernst-afk.github.io/images-channable/pennenboer/0228ca41e2f547c09d3c52778fb89c88.png,Potje Vergeet-me-nietjes,https://static.goedkooppennenbedrukken.nl/media/84/98/9b/1703975724/A36-A36-MO6146-08f3bf1284d1c445cc59ee4b4d16dec64ab573d42b48cff25b8773195366fd92.jpg.jpg?ts=1703975724
00f4cbd11fb945c094686f0709557e0e,https://ernst-afk.github.io/images-channable/pennenboer/00f4cbd11fb945c094686f0709557e0e.png,Fluitje,https://static.goedkooppennenbedrukken.nl/media/d6/cd/27/1704263861/A130-A130-888040-bdbe7e304af6f1311fe97f75036aa45322677c9bf5a5ad174b6f55812ae2a4f1.png.png?ts=1704263861
027fc29130ae4ac9b8607e522cb3c44b,https://ernst-afk.github.io/images-channable/pennenboer/027fc29130ae4ac9b8607e522cb3c44b.png,SnapWrap fluorarmband,https://static.goedkooppennenbedrukken.nl/media/35/0d/e1/1703973932/A24-A24-2016-af827f10095b0b8bce1cba9ef3795605d0f85381cca7fb86f9630ca6240138a4.jpg.jpg?ts=1703973932
04a88e23239b45a8a9159370577ce436,https://ernst-afk.github.io/images-channable/pennenboer/04a88e23239b45a8a9159370577ce436.png,Brede aansteker,https://static.goedkooppennenbedrukken.nl/media/f4/0a/01/1706190842/420647.png?ts=1706190842
043fb4db26de4b03b492e8266f92abeb,https://ernst-afk.github.io/images-channable/pennenboer/043fb4db26de4b03b492e8266f92abeb.png,Ijskrabber frosty,https://static.goedkooppennenbedrukken.nl/media/6e/b5/b7/1772802305/A53-LT90792-N5402-1.jpg?ts=1772802305
01e96d7776e140639aa6016c498f9670,https://ernst-afk.github.io/images-channable/pennenboer/01e96d7776e140639aa6016c498f9670.png,Schoudertas katoen OEKO-TEX 140g/m² - 38x42cm,https://static.goedkooppennenbedrukken.nl/media/51/04/3b/1772802898/A53-LT95156-N0036-1.jpg?ts=1772802898
03df0ae1b2324cddb20626ac78c51175,https://ernst-afk.github.io/images-channable/pennenboer/03df0ae1b2324cddb20626ac78c51175.png,Plunjezak,https://static.goedkooppennenbedrukken.nl/media/0f/cc/89/1704237237/A36-A36-MO8031-1a41b6cf3b7a03f89b0f6db3a770424cf64ed09294858d44f9dde664d8a7f5ff.jpg.jpg?ts=1704237237
0d75ee97e9f64b14b6dec4f4b659f2e2,https://ernst-afk.github.io/images-channable/pennenboer/0d75ee97e9f64b14b6dec4f4b659f2e2.png,Balpen Touchy stylus hardcolour,https://static.goedkooppennenbedrukken.nl/media/54/e7/74/1772802169/A53-LT87694-N1002-1.jpg?ts=1772802169
00253b8ea9014b2bb2d8addb03155045,https://ernst-afk.github.io/images-channable/pennenboer/00253b8ea9014b2bb2d8addb03155045.png,Sportbidon design 500ml,https://static.goedkooppennenbedrukken.nl/media/e3/ca/90/1772793988/A53-LT98796-N0001-1.jpg?ts=1772793988
0a7ca7e3639e4c2c8d13e2474c885e78,https://ernst-afk.github.io/images-channable/pennenboer/0a7ca7e3639e4c2c8d13e2474c885e78.png,Speelkaarten van recycled papie,https://static.goedkooppennenbedrukken.nl/media/9e/4d/2b/1704236693/A36-A36-MO6201-48c7948e1d02683f23a09666647f77f7ef8c43cd8535a13014f109d745f62f35.jpg.jpg?ts=1704236693
0eb0ad4d1e6e4355bcc0ef7df94c876e,https://ernst-afk.github.io/images-channable/pennenboer/0eb0ad4d1e6e4355bcc0ef7df94c876e.png,2-Kleurige katoenen toilettas - 21.5 X 5X 15 CM,https://static.goedkooppennenbedrukken.nl/media/8c/32/62/1703976865/A36-A36-MO9815-54d4eaa4f5209a6876ec53a0bb36c998b8b8e3e8cfe82afb424563c13a50f48e.jpg.jpg?ts=1703976865
016678dd49bf4117a5ca1994e16fb5d1,https://ernst-afk.github.io/images-channable/pennenboer/016678dd49bf4117a5ca1994e16fb5d1.png,Regenboog RPET sleutelkoord,https://static.goedkooppennenbedrukken.nl/media/1a/0a/58/1704233286/A36-A36-MO6423-8d3c35707b2e49864189c3e664ba8a5ec8eb0411a9474177d88dff37363fd590.jpg.jpg?ts=1704233286
0fd1e4682a414ee28f2e9e6a9c816091,https://ernst-afk.github.io/images-channable/pennenboer/0fd1e4682a414ee28f2e9e6a9c816091.png,Balpen Alicante bamboe,https://static.goedkooppennenbedrukken.nl/media/ea/05/7b/1772801186/A53-LT87288-N0094-1.jpg?ts=1772801186
0d5705f71d3147c9bce6fb3b25ca34c5,https://ernst-afk.github.io/images-channable/pennenboer/0d5705f71d3147c9bce6fb3b25ca34c5.png,Maryville non woven draagtas 28L - 50 x 20 x 33 cm,https://static.goedkooppennenbedrukken.nl/media/f5/00/d4/1704253250/A34-A34-120091-921237963856f7c7cc33c785a933fa2b692f6acf958ffe9000222a1b6b604629.jpg.jpg?ts=1704253250
00fca59a71a04667b709d2528cc5ed2f,https://ernst-afk.github.io/images-channable/pennenboer/00fca59a71a04667b709d2528cc5ed2f.png,Balpen Nash hardcolour,https://static.goedkooppennenbedrukken.nl/media/be/a2/42/1772801932/A53-LT80815-N0110-1.jpg?ts=1772801932
01da6b89324c46f8b5e1fc133db0f7ee,https://ernst-afk.github.io/images-channable/pennenboer/01da6b89324c46f8b5e1fc133db0f7ee.png,Schoudertas katoen OEKO-TEX® 140g/m² 40x10x35cm,https://static.goedkooppennenbedrukken.nl/media/10/65/2e/1772799967/A53-LT95159-N0054-1.jpg?ts=1772799967
03d5e435ae4947c5a726ceb881c3b820,https://ernst-afk.github.io/images-channable/pennenboer/03d5e435ae4947c5a726ceb881c3b820.png,Impact AWARE™ 16 oz. rcanvas 15 inch laptoprugzak,https://static.goedkooppennenbedrukken.nl/media/11/87/55/1704266952/A23-A23-P760.24-27a4e45b200ab81f58409eba48d34056384eefa0b67a3438a3cd831a9fb8d3fe.jpg.jpg?ts=1704266952
04cfdff4c351476b957a7c0adf27afaa,https://ernst-afk.github.io/images-channable/pennenboer/04cfdff4c351476b957a7c0adf27afaa.png,Astrid - pillendoosje,https://static.goedkooppennenbedrukken.nl/media/1b/5e/b2/1704291702/A81-A81-AP731910-50ceec10439df3280598a7f9dd54614760d1759e0354bd4c51490108e89e744e.png.png?ts=1704291702
0617492a212f44de9b4d997ba14be592,https://ernst-afk.github.io/images-channable/pennenboer/0617492a212f44de9b4d997ba14be592.png,Notitieblok en balpen,https://static.goedkooppennenbedrukken.nl/media/1d/ee/de/1704236784/A36-A36-IT3775-6ac0a70717ee68101bab7daa31b5fed3b77133330bca917bf13c6a855b44aaf4.jpg.jpg?ts=1704236784
115bb147a1a24f998473fd032a785678,https://ernst-afk.github.io/images-channable/pennenboer/115bb147a1a24f998473fd032a785678.png,Anti-stress wolkvorm,https://static.goedkooppennenbedrukken.nl/media/f9/1f/9e/1704234230/A36-A36-MO7983-38cd9425dc376226eedaca5c53ecfc8e83808b54931229161ecb58057c948e90.jpg.jpg?ts=1704234230
012fe964405b4031bc41b4867aa25e4b,https://ernst-afk.github.io/images-channable/pennenboer/012fe964405b4031bc41b4867aa25e4b.png,Reeva 180 g/m² schort,https://static.goedkooppennenbedrukken.nl/media/73/fb/66/1704000027/A34-A34-112712-81ad19ee2586673ad05b9e064666b4e3537bde6a067b49309cfed9e3aefa822c.jpg.jpg?ts=1704000027
01e7db4016044e92b2ed74e6b9c27707,https://ernst-afk.github.io/images-channable/pennenboer/01e7db4016044e92b2ed74e6b9c27707.png,Maes - lanyard,https://static.goedkooppennenbedrukken.nl/media/bb/5f/97/1704287698/A81-A81-AP791539-8e4e6372d409566da853be5e670c94fa54771d5683f1e5664d806d58b0108af9.png.png?ts=1704287698
02d7615129cd4ee7b6e5dc4330662dff,https://ernst-afk.github.io/images-channable/pennenboer/02d7615129cd4ee7b6e5dc4330662dff.png,Impey lanyard met haak,https://static.goedkooppennenbedrukken.nl/media/4e/fb/66/1704247291/A34-A34-102507-a90d5ef9e8f2e92fab0c2d2d90ba673a4decb7f3821062ec51827f7b79974811.jpg.jpg?ts=1704247291
04414dfabe524ce4a54154854183fdf7,https://ernst-afk.github.io/images-channable/pennenboer/04414dfabe524ce4a54154854183fdf7.png,BudgetNote A5 Lines notitieboek,https://static.goedkooppennenbedrukken.nl/media/f0/8c/1e/1703974953/A24-A24-1243-348b24b2ce0a675639424c85bb91f69e1017c655ebffe38b4603fce299e3627a.jpg.jpg?ts=1703974953
6d97dda44ec34672a9d554e01621520b,https://ernst-afk.github.io/images-channable/pennenboer/6d97dda44ec34672a9d554e01621520b.png,Balpen Paris Metaal soft touch Cognac,https://static.goedkooppennenbedrukken.nl/media/3f/6b/4d/1772802738/A53-LT87782-N0016-1.jpg?ts=1772802738
0a0ef3af2124445da27f4392657613cc,https://ernst-afk.github.io/images-channable/pennenboer/0a0ef3af2124445da27f4392657613cc.png,Schoenenpoets,https://static.goedkooppennenbedrukken.nl/media/db/dd/5d/1772801441/A53-LT91314-N0002-1.jpg?ts=1772801441
10f44714315845e792927edd389c3cc3,https://ernst-afk.github.io/images-channable/pennenboer/10f44714315845e792927edd389c3cc3.png,Kleine papieren geschenktas,https://static.goedkooppennenbedrukken.nl/media/a8/b0/57/1704239050/A36-A36-MO6172-28491dd93bd764182dc5444a1e65a40fb319ed6fe1f66d31df109b9df22c9857.jpg.jpg?ts=1704239050
134167f2c2bc4196a62e97f848135a67,https://ernst-afk.github.io/images-channable/pennenboer/134167f2c2bc4196a62e97f848135a67.png,Pannos - oordopjes,https://static.goedkooppennenbedrukken.nl/media/4f/72/09/1704288337/A81-A81-AP741548-c74d9dd42b7f1a52b46679a201df57b2de31120454357fcfa0d0f5000c20e9b7.png.png?ts=1704288337
03fa377bfbfa44efa6f88789740d24a5,https://ernst-afk.github.io/images-channable/pennenboer/03fa377bfbfa44efa6f88789740d24a5.png,Jockey cap,https://static.goedkooppennenbedrukken.nl/media/ba/13/ff/1704244128/A86-A86-1510-7e76899fe2b15c93268ada6bf3889de758f8e542f2c09c8be897a5e122251b1a.jpg.jpg?ts=1704244128
063589d83fac4518b0a8149cc0d48a38,https://ernst-afk.github.io/images-channable/pennenboer/063589d83fac4518b0a8149cc0d48a38.png,Darak - make-up tas,https://static.goedkooppennenbedrukken.nl/media/71/38/84/1704287677/A81-A81-AP722715-e462c6f422c0c3b57d66ce2bf73bd59c47444378f9ab521f806e1d783cf9215e.png.png?ts=1704287677
0809be596efd464898d4a305d1efe837,https://ernst-afk.github.io/images-channable/pennenboer/0809be596efd464898d4a305d1efe837.png,Mok met bijpassende lepel,https://static.goedkooppennenbedrukken.nl/media/79/a7/00/1703975864/A36-A36-MO7344-6ff852207092150efd91a713ce2c7ef0f631a538919659f4c000b554d595cfad.jpg.jpg?ts=1703975864
08777001f0994157b7735ef6bfc4136d,https://ernst-afk.github.io/images-channable/pennenboer/08777001f0994157b7735ef6bfc4136d.png,Mok Oslo subli klein 150ml,https://static.goedkooppennenbedrukken.nl/media/67/e3/8a/1772793847/A53-LT51163-N0001-1.jpg?ts=1772793847
10b0cc1d87894d8796e4eab4c7e55ba6,https://ernst-afk.github.io/images-channable/pennenboer/10b0cc1d87894d8796e4eab4c7e55ba6.png,Ida 21.5'' opvouwbare paraplu,https://static.goedkooppennenbedrukken.nl/media/5e/3f/c3/1704247397/A34-A34-109052-b7cc2f3d36678607aeabd23ac48cd9b071623b6b16c301f27c8c1e56afcf4c47.jpg.jpg?ts=1704247397
0ddc85679b7a472c827e8b24957758f0,https://ernst-afk.github.io/images-channable/pennenboer/0ddc85679b7a472c827e8b24957758f0.png,Pirlo - schoenentas - 37 x 37 x 48 cm,https://static.goedkooppennenbedrukken.nl/media/7b/bd/3b/1704284371/A81-A81-AP731790-d5eaba639e07519885a7f179ce8c484e4ed9dc9b789d06531cd8e6a55831e779.png.png?ts=1704284371
08d837fb599e440e9a3f896b5fc0db83,https://ernst-afk.github.io/images-channable/pennenboer/08d837fb599e440e9a3f896b5fc0db83.png,Aluminium bagagelabel rechthoek,https://static.goedkooppennenbedrukken.nl/media/94/a5/8e/1772800637/A53-LT99609-N0005-1.jpg?ts=1772800637
09c834ef33b049af822cc68bc03ea54f,https://ernst-afk.github.io/images-channable/pennenboer/09c834ef33b049af822cc68bc03ea54f.png,Zonia mok,https://static.goedkooppennenbedrukken.nl/media/69/8f/32/1704230193/A24-A24-0687-1e5e8c6c8585f969a3f69e22d7f4f9c66252b31bd1a776f36a564cb1a27cb934.jpg.jpg?ts=1704230193
0ba6ec79b07c416cadbae0011112992f,https://ernst-afk.github.io/images-channable/pennenboer/0ba6ec79b07c416cadbae0011112992f.png,Sophie Muval budget class 50 x 30 cm,https://static.goedkooppennenbedrukken.nl/media/6c/9f/b9/1704244667/A86-A86-9340-e7a011c3dd2ac9670c0772269dd7e140c7c35636b28a9c4c598217b7307a7b4d.jpg.jpg?ts=1704244667
0bc89a5994f64a1d9200fc406aa86e1d,https://ernst-afk.github.io/images-channable/pennenboer/0bc89a5994f64a1d9200fc406aa86e1d.png,Vochtige verfrissingsdoekjes,https://static.goedkooppennenbedrukken.nl/media/cf/41/0d/1704233613/A36-A36-MO3863-f2b05a0bd1cf4b28b835520b921d76654df61c7e81762c5b369403651f7dbb5d.jpg.jpg?ts=1704233613
0c3a3893336d488987abc92a4278cc71,https://ernst-afk.github.io/images-channable/pennenboer/0c3a3893336d488987abc92a4278cc71.png,Parker Jotter SS balpen,https://static.goedkooppennenbedrukken.nl/media/08/ef/12/1704247049/A34-A34-107025-4f0315a47a8a8b1fa0d77ea794eea1c1fce188918a32756b05618e023a58c3b3.jpg.jpg?ts=1704247049
0ed679db50d44f71866f87859a555978,https://ernst-afk.github.io/images-channable/pennenboer/0ed679db50d44f71866f87859a555978.png,Memoblokje gerecycled melkpak,https://static.goedkooppennenbedrukken.nl/media/e7/01/17/1704236861/A36-A36-MO6744-b2748ef448d703cfb6f869cc8bba5688e2c6faf8ad71da56f09471d68e2d46b5.jpg.jpg?ts=1704236861
9c3fd9b358c04db49c0d178a0f940f24,https://ernst-afk.github.io/images-channable/pennenboer/9c3fd9b358c04db49c0d178a0f940f24.png,Polyester lanyard 20 mm met gesp en haak Fluor assorti / Geel,https://static.goedkooppennenbedrukken.nl/media/fe/a8/61/1772802062/A53-LT90879-N9941-1.jpg?ts=1772802062
127c6871524b4b8fb3e15550e825ab52,https://ernst-afk.github.io/images-channable/pennenboer/127c6871524b4b8fb3e15550e825ab52.png,Shop Easy RPET opvouwbare winkeltas,https://static.goedkooppennenbedrukken.nl/media/0b/1b/37/1704230250/A24-A24-3242-c023c9d6994e9f76d0536763556248a39959023f3b6d267667e8c3abc18e3e3b.jpg.jpg?ts=1704230250
13043a3b70e14f47a88b207e1d826bfe,https://ernst-afk.github.io/images-channable/pennenboer/13043a3b70e14f47a88b207e1d826bfe.png,Lippenbalsem spiegel,https://static.goedkooppennenbedrukken.nl/media/36/1c/25/1704239293/A36-A36-MO9374-8edefc5dcecc419146d3de8cc135791d12063dbbd4f1a16b161ecbf0bde0c5c8.jpg.jpg?ts=1704239293
5e91fbb57a384cfaab15e4b17b5e9f9a,https://ernst-afk.github.io/images-channable/pennenboer/5e91fbb57a384cfaab15e4b17b5e9f9a.png,Sportbidon classic 500ml Wit / Lichtblauw,https://static.goedkooppennenbedrukken.nl/media/54/74/b8/1772802875/A53-LT98795-N0004-1.jpg?ts=1772802875
01cb3524602e417ea3f8dbbb90b6dbb9,https://ernst-afk.github.io/images-channable/pennenboer/01cb3524602e417ea3f8dbbb90b6dbb9.png,Retro Emaille Mug mok,https://static.goedkooppennenbedrukken.nl/media/23/75/37/1703973669/A24-A24-0853-94b8a519d06ab207d00f66a2abc16c6ee27141763e5f99eaf422a673855c517b.jpg.jpg?ts=1703973669
06ba6d814548496698c57b6aeff850f0,https://ernst-afk.github.io/images-channable/pennenboer/06ba6d814548496698c57b6aeff850f0.png,Bamboe powerbank 4000 mAh,https://static.goedkooppennenbedrukken.nl/media/17/c2/95/1704238157/A36-A36-MO6814-26202bbc0500848927a3eec1fc2e967a360d65098e7c0a394ef1f5283076c266.jpg.jpg?ts=1704238157
0c8c227726cd49558c6b290440be1ce9,https://ernst-afk.github.io/images-channable/pennenboer/0c8c227726cd49558c6b290440be1ce9.png,Houten toren spel in katoenen etui Hout,https://static.goedkooppennenbedrukken.nl/media/4e/07/64/1772799415/A53-LT90776-N0093-1.jpg?ts=1772799415
0b926fe6228545dcbbf7b6bcfadf5251,https://ernst-afk.github.io/images-channable/pennenboer/0b926fe6228545dcbbf7b6bcfadf5251.png,Mini bamboe zaklamp,https://static.goedkooppennenbedrukken.nl/media/64/f1/5b/1703976068/A36-A36-MO6894-fa19b130774ce693a5e02fbd7f3f77ebe478682e97ef372d3f33d56116bbd69a.jpg.jpg?ts=1703976068
125b2bb9cbb94e0085cbf633190e3d33,https://ernst-afk.github.io/images-channable/pennenboer/125b2bb9cbb94e0085cbf633190e3d33.png,Attea Cork 350 ml koffiebeker,https://static.goedkooppennenbedrukken.nl/media/37/8d/02/1704232157/A24-A24-1395-4af00cf8d6a70344aa8c2959d7ae1cd8d75f67685aa780e077b6af02b181fbfb.jpg.jpg?ts=1704232157
02cf20fc4ed5486abb181b41a47cf647,https://ernst-afk.github.io/images-channable/pennenboer/02cf20fc4ed5486abb181b41a47cf647.png,Katoenen rugtas Luxury Naturel,https://static.goedkooppennenbedrukken.nl/media/a6/14/15/1703975180/A387-A387-1915-36d3989676000cea849e958ef187f7db80a90685f9d6039e492774d945112ce4.jpg.jpg?ts=1703975180
0413069d59934e6f8193f9a3e6c8242e,https://ernst-afk.github.io/images-channable/pennenboer/0413069d59934e6f8193f9a3e6c8242e.png,Trebol - speelkaarten van gerecycled papier,https://static.goedkooppennenbedrukken.nl/media/ee/b9/f9/1704285329/A81-A81-AP722093-3c7562d537b85cf251a7490fc38a9ad32f7801096c2b3b71eadb93c2281039fb.png.png?ts=1704285329
06113d00eb864467b6cb70fbf72ab40d,https://ernst-afk.github.io/images-channable/pennenboer/06113d00eb864467b6cb70fbf72ab40d.png,Senga RPET Bottle 500 ml drinkfles,https://static.goedkooppennenbedrukken.nl/media/7d/31/f5/1704231014/A24-A24-2326-6613a262038dcd413087ee7279eef45572962c945249e83fbbc61d225a5c6624.jpg.jpg?ts=1704231014
74ea79f20e1d4d429a994405865e5ceb,https://ernst-afk.github.io/images-channable/pennenboer/74ea79f20e1d4d429a994405865e5ceb.png,Markeerstift mens Wit,https://static.goedkooppennenbedrukken.nl/media/de/f5/22/1772798895/A53-LT81487-N0001-1.jpg?ts=1772798895
0969223c3e4c481f84de03811c93f938,https://ernst-afk.github.io/images-channable/pennenboer/0969223c3e4c481f84de03811c93f938.png,Waterpas met flesopener,https://static.goedkooppennenbedrukken.nl/media/fb/d4/97/1704235236/A36-A36-MO6495-7f6c8c9576d0d3fcea78610b2af6501cf7ca8b42bd33c1b9b7bcbaee739840da.jpg.jpg?ts=1704235236
0a47b34a08d14c5f9ba3730cf0fc8fed,https://ernst-afk.github.io/images-channable/pennenboer/0a47b34a08d14c5f9ba3730cf0fc8fed.png,ARTICA balpen,https://static.goedkooppennenbedrukken.nl/media/34/da/50/1704262271/A130-A130-122113-4573a5f16aec6e08fd4ff05b3c070df188afce2cb35797a3fe686d063b597941.png.png?ts=1704262271
0ab5fb2a333546a3a84342e02d0bb515,https://ernst-afk.github.io/images-channable/pennenboer/0ab5fb2a333546a3a84342e02d0bb515.png,Vilten bloktas,https://static.goedkooppennenbedrukken.nl/media/f7/1a/0f/1703975171/A387-A387-1632-0825e46514615b92975de8981a7b867c044035dfaea488bb7ca8583696a80738.jpg.jpg?ts=1703975171
0b5a7abd650647f584646ed74eaf1489,https://ernst-afk.github.io/images-channable/pennenboer/0b5a7abd650647f584646ed74eaf1489.png,Peterby - sleutelhanger met flesopener,https://static.goedkooppennenbedrukken.nl/media/fe/7f/93/1704292031/A81-A81-AP809548-b847669a19def177e148b6dd171ea70e61eb56222fc082a396b35809556be75e.png.png?ts=1704292031
0c5289e3f3a949788b11c3deaefdad59,https://ernst-afk.github.io/images-channable/pennenboer/0c5289e3f3a949788b11c3deaefdad59.png,Kunststof spaarpot,https://static.goedkooppennenbedrukken.nl/media/a1/9e/0b/1704234912/A36-A36-MO7242-dad2bbbdf3b9d46cded409a34555dcc782235332521dea3230da2dc217c81b47.jpg.jpg?ts=1704234912
0dbe4d489f0b4ce9a937c637de3b6b0f,https://ernst-afk.github.io/images-channable/pennenboer/0dbe4d489f0b4ce9a937c637de3b6b0f.png,Smartphonehouder handen,https://static.goedkooppennenbedrukken.nl/media/9a/09/4a/1772800593/A53-LT91196-N0001-1.jpg?ts=1772800593
11fa3554646645b5b7482e7470163fad,https://ernst-afk.github.io/images-channable/pennenboer/11fa3554646645b5b7482e7470163fad.png,Glans gelamineerde papieren tas 220x100x275 mm,https://static.goedkooppennenbedrukken.nl/media/00/b8/fd/1704263904/A130-A130-201622-25a4f3124a02a67ea5e9f590e61cc937ce5167a79a1c0e1a0122eb30b7845f83.png.png?ts=1704263904
